之,0.82,0,3,0,0,0,"出也。"
子,0.81,0,3,0,0,0,"十一月昜气動。萬物滋。"
曰,0.81,0,3,0,0,0,"䛐也。"
也,0.81,0,3,0,0,0,"女侌也。"
不,0.81,0,3,0,0,0,"鳥飛上翔不下來也。"
以,0.81,0,3,0,0,0,"暂缺"
而,0.81,0,3,0,0,0,"須也。象形。"
公,0.80,0,3,0,0,0,"平分也。从八厶。"
其,0.80,0,3,0,0,0,"暂缺"
人,0.80,0,3,0,0,0,"天地之性冣貴者也。"
於,0.79,0,3,0,0,0,"暂缺"
君,0.79,0,3,0,0,0,"尊也。"
為,0.79,0,3,0,0,0,"暂缺"
晉,0.79,0,3,0,0,0,"進也。"
于,0.79,0,3,0,0,0,"暂缺"
有,0.79,0,3,0,0,0,"不宜有也。"
大,0.79,0,3,0,0,0,"天大。地大。人亦大焉。"
侯,0.79,0,3,0,0,0,"暂缺"
使,0.79,0,3,0,0,0,"令也。"
王,0.78,0,3,0,0,0,"天下所歸往也。"
無,0.78,0,3,0,0,0,"暂缺"
師,0.78,0,3,0,0,0,"二千五百人爲師。"
楚,0.78,0,3,0,0,0,"叢木。"
將,0.78,0,3,0,0,0,"帥也。"
齊,0.78,0,3,0,0,0,"禾麥吐穗上平也。象形。"
國,0.78,0,3,0,0,0,"邦也。"
鄭,0.78,0,3,0,0,0,"京兆縣。"
諸,0.78,0,3,0,0,0,"辯也。"
焉,0.78,0,3,0,0,0,"焉鳥、"
與,0.78,0,3,0,0,0,"黨與也。"
是,0.78,0,3,0,0,0,"直也。"
矣,0.78,0,3,0,0,0,"語巳䛐也。"
可,0.78,0,3,0,0,0,"肎也。"
夫,0.77,0,3,0,0,0,"丈夫也。从穴一。"
乎,0.77,0,3,0,0,0,"語之餘也。"
何,0.77,0,3,0,0,0,"儋也。"
如,0.77,0,3,0,0,0,"從隨也。"
及,0.77,0,3,0,0,0,"逮也。"
伯,0.77,0,3,0,0,0,"長也。"
月,0.77,0,3,0,0,0,"闕也。大侌之精。"
我,0.77,0,3,0,0,0,"施身自謂也。"
氏,0.77,0,3,0,0,0,"巴蜀名山岸脅之𠂤旁箸欲落𡐦者曰氏。"
故,0.77,0,3,0,0,0,"使爲之也。"
年,0.77,0,3,0,0,0,"暂缺"
叔,0.77,0,3,0,0,0,"拾也。"
命,0.77,0,3,0,0,0,"使也。从口令。"
吾,0.77,0,3,0,0,0,"我自偁也。"
二,0.77,0,3,0,0,0,"地之數也。"
者,0.77,0,3,0,0,0,"別事䛐也。"
伐,0.77,0,3,0,0,0,"擊也。"
十,0.77,0,3,0,0,0,"數之具也。"
從,0.77,0,3,0,0,0,"隨行也。"
三,0.77,0,3,0,0,0,"數名。天地人之道也。"
能,0.76,0,3,0,0,0,"熊屬。"
請,0.76,0,3,0,0,0,"謁也。"
則,0.76,0,3,0,0,0,"等畫物也。"
孫,0.76,0,3,0,0,0,"子之子曰孫。"
必,0.76,0,3,0,0,0,"分極也。"
若,0.76,0,3,0,0,0,"擇菜也。"
衛,0.76,0,3,0,0,0,"暂缺"
禮,0.76,0,3,0,0,0,"𡳐也。"
謂,0.76,0,3,0,0,0,"報也。"
盟,0.76,0,3,0,0,0,"暂缺"
宋,0.76,0,3,0,0,0,"凥也。"
歸,0.76,0,3,0,0,0,"女嫁也。"
事,0.76,0,3,0,0,0,"職也。"
臣,0.76,0,3,0,0,0,"牽也。"
乃,0.76,0,3,0,0,0,"曳䛐之難也。"
在,0.76,0,3,0,0,0,"存也。"
所,0.76,0,3,0,0,0,"伐木聲也。"
成,0.76,0,3,0,0,0,"就也。从戊。丁聲。"
先,0.76,0,3,0,0,0,"前進也。"
死,0.76,0,3,0,0,0,"澌也。"
殺,0.76,0,3,0,0,0,"戮也。"
出,0.76,0,3,0,0,0,"進也。"
行,0.76,0,3,0,0,0,"人之步趨也。"
民,0.76,0,3,0,0,0,"眾𦹩也。"
告,0.76,0,3,0,0,0,"暂缺"
入,0.76,0,3,0,0,0,"內也。"
陳,0.76,0,3,0,0,0,"宛丘也。"
言,0.76,0,3,0,0,0,"直言曰言。論難曰語。"
知,0.76,0,3,0,0,0,"䛐也。"
遂,0.76,0,3,0,0,0,"亡也。"
文,0.75,0,3,0,0,0,"錯畫也。"
對,0.75,0,3,0,0,0,"暂缺"
弗,0.75,0,3,0,0,0,"矯也。"
敢,0.75,0,3,0,0,0,"暂缺"
又,0.75,0,3,0,0,0,"手也。象形。"
吳,0.75,0,3,0,0,0,"大言也。"
夏,0.75,0,3,0,0,0,"中國之人也。"
來,0.75,0,3,0,0,0,"周所受瑞麥來麰也。"
自,0.75,0,3,0,0,0,"鼻也。象鼻形。"
亦,0.75,0,3,0,0,0,"人之臂亦也。"
聞,0.75,0,3,0,0,0,"知聲也。"
且,0.75,0,3,0,0,0,"所㠯薦也。"
欲,0.75,0,3,0,0,0,"貪欲也。"
會,0.75,0,3,0,0,0,"合也。"
書,0.75,0,3,0,0,0,"箸也。"
季,0.75,0,3,0,0,0,"少偁也。"
天,0.75,0,3,0,0,0,"顚也。"
至,0.75,0,3,0,0,0,"鳥飛從高下至地也。"
德,0.75,0,3,0,0,0,"𦫵也。"
見,0.75,0,3,0,0,0,"視也。"
皆,0.75,0,3,0,0,0,"俱䛐也。"
周,0.75,0,3,0,0,0,"密也。"
未,0.75,0,3,0,0,0,"味也。"
城,0.75,0,3,0,0,0,"㠯盛民也。"
立,0.75,0,3,0,0,0,"侸也。"
一,0.75,0,3,0,0,0,"惟初大極。道立於一。造分天地。化成萬物。"
奔,0.75,0,3,0,0,0,"𧺆也。"
朝,0.75,0,3,0,0,0,"旦也。"
父,0.75,0,3,0,0,0,"巨也。"
許,0.75,0,3,0,0,0,"𦗟言也。"
秦,0.75,0,3,0,0,0,"伯益之後所封國。"
罪,0.75,0,3,0,0,0,"捕魚竹网。"
寡,0.75,0,3,0,0,0,"少也。"
五,0.75,0,3,0,0,0,"五行也。"
今,0.75,0,3,0,0,0,"是時也。"
司,0.75,0,3,0,0,0,"臣司事於外者。"
武,0.75,0,3,0,0,0,"楚莊王曰。"
亡,0.74,0,3,0,0,0,"暂缺"
卒,0.74,0,3,0,0,0,"𣜩人給事者爲卒。"
敗,0.74,0,3,0,0,0,"毁也。从攴貝。"
用,0.74,0,3,0,0,0,"可施行也。从⺊中。衞宏說。"
得,0.74,0,3,0,0,0,"行有所㝵也。"
取,0.74,0,3,0,0,0,"捕取也。"
後,0.74,0,3,0,0,0,"遲也。从彳幺夊。幺夊者後也。"
軍,0.74,0,3,0,0,0,"圜圍也。"
非,0.74,0,3,0,0,0,"韋也。"
日,0.74,0,3,0,0,0,"實也。"
下,0.74,0,3,0,0,0,"暂缺"
趙,0.74,0,3,0,0,0,"趍趙也。从走。肖聲。"
門,0.74,0,3,0,0,0,"聞也。"
生,0.74,0,3,0,0,0,"進也。象艸木生出土上。"
春,0.74,0,3,0,0,0,"暂缺"
秋,0.74,0,3,0,0,0,"禾穀孰也。"
馬,0.74,0,3,0,0,0,"怒也。武也。"
仲,0.74,0,3,0,0,0,"中也。"
孟,0.74,0,3,0,0,0,"長也。从子。皿聲。"
四,0.74,0,3,0,0,0,"侌數也。"
執,0.74,0,3,0,0,0,"捕辠人也。"
亂,0.74,0,3,0,0,0,"不治也。从乙𤔔。乙、治之也。"
此,0.74,0,3,0,0,0,"止也。"
上,0.74,0,3,0,0,0,"暂缺"
冬,0.74,0,3,0,0,0,"四時盡也。"
復,0.74,0,3,0,0,0,"往來也。"
克,0.74,0,3,0,0,0,"肩也。"
辭,0.74,0,3,0,0,0,"說也。"
懼,0.74,0,3,0,0,0,"恐也。"
中,0.74,0,3,0,0,0,"內也。"
小,0.74,0,3,0,0,0,"物之微也。从八、丨見而八分之。"
士,0.74,0,3,0,0,0,"事也。"
平,0.74,0,3,0,0,0,"語平舒也。"
宣,0.74,0,3,0,0,0,"天子宣室也。"
求,0.74,0,3,0,0,0,"暂缺"
政,0.74,0,3,0,0,0,"正也。"
六,0.74,0,3,0,0,0,"易之數。侌變於六。正於八。"
魯,0.74,0,3,0,0,0,"鈍䛐也。"
猶,0.73,0,3,0,0,0,"玃屬。"
獻,0.73,0,3,0,0,0,"宗廟犬名羹獻。犬肥者以獻。"
蔡,0.73,0,3,0,0,0,"艸丯也。"
信,0.73,0,3,0,0,0,"誠也。"
尹,0.73,0,3,0,0,0,"治也。"
難,0.73,0,3,0,0,0,"暂缺"
女,0.73,0,3,0,0,0,"婦人也。"
邑,0.73,0,3,0,0,0,"國也。"
令,0.73,0,3,0,0,0,"發號也。"
相,0.73,0,3,0,0,0,"省視也。"
還,0.73,0,3,0,0,0,"復也。"
獲,0.73,0,3,0,0,0,"獵所獲也。"
既,0.73,0,3,0,0,0,"暂缺"
惡,0.73,0,3,0,0,0,"過也。"
謀,0.73,0,3,0,0,0,"慮難曰謀。"
乘,0.73,0,3,0,0,0,"暂缺"
昭,0.73,0,3,0,0,0,"日朙也。"
問,0.73,0,3,0,0,0,"訊也。"
主,0.73,0,3,0,0,0,"鐙中火主也。"
右,0.73,0,3,0,0,0,"助也。"
帥,0.73,0,3,0,0,0,"佩巾也。从巾。𠂤聲。"
棄,0.73,0,3,0,0,0,"捐也。"
疾,0.73,0,3,0,0,0,"病也。"
多,0.73,0,3,0,0,0,"緟也。"
戰,0.73,0,3,0,0,0,"鬥也。"
服,0.73,0,3,0,0,0,"用也。"
實,0.73,0,3,0,0,0,"富也。"
失,0.73,0,3,0,0,0,"縱也。"
桓,0.73,0,3,0,0,0,"亭郵表也。"
甲,0.73,0,3,0,0,0,"東方之孟。昜气𦹩動。"
室,0.73,0,3,0,0,0,"實也。"
道,0.73,0,3,0,0,0,"所行道也。"
向,0.73,0,3,0,0,0,"北出牖也。"
戎,0.73,0,3,0,0,0,"兵也。"
樂,0.73,0,3,0,0,0,"五聲八音總名。"
受,0.73,0,3,0,0,0,"相付也。"
申,0.73,0,3,0,0,0,"神也。"
陽,0.73,0,3,0,0,0,"高朙也。"
宮,0.73,0,3,0,0,0,"室也。"
召,0.73,0,3,0,0,0,"𧦝也。"
余,0.72,0,3,0,0,0,"語之舒也。"
止,0.72,0,3,0,0,0,"下基也。"
食,0.72,0,3,0,0,0,"暂缺"
唯,0.72,0,3,0,0,0,"諾也。"
明,0.72,0,3,0,0,0,"暂缺"
然,0.72,0,3,0,0,0,"燒也。"
救,0.72,0,3,0,0,0,"止也。"
車,0.72,0,3,0,0,0,"輿輪之緫名也。"
同,0.72,0,3,0,0,0,"合會也。从𠔼口。"
七,0.72,0,3,0,0,0,"昜之正也。"
重,0.72,0,3,0,0,0,"厚也。"
反,0.72,0,3,0,0,0,"覆也。"
心,0.72,0,3,0,0,0,"人心。土臧也。"
過,0.72,0,3,0,0,0,"度也。"
圍,0.72,0,3,0,0,0,"守也。从囗。韋聲。"
已,0.72,0,3,0,0,0,"暂缺"
眾,0.72,0,3,0,0,0,"多也。从㐺目。衆意。"
善,0.72,0,3,0,0,0,"暂缺"
產,0.72,0,3,0,0,0,"生也。从生。彥省聲。"
守,0.72,0,3,0,0,0,"守官也。"
卿,0.72,0,3,0,0,0,"章也。"
逆,0.72,0,3,0,0,0,"迎也。"
田,0.72,0,3,0,0,0,"敶也。"
惠,0.72,0,3,0,0,0,"仁也。"
討,0.72,0,3,0,0,0,"治也。"
免,0.72,0,3,0,0,0,"暂缺"
外,0.72,0,3,0,0,0,"遠也。"
華,0.72,0,3,0,0,0,"榮也。"
南,0.72,0,3,0,0,0,"艸木至南方有枝任也。"
左,0.72,0,3,0,0,0,"𠂇手相左也。"
怒,0.72,0,3,0,0,0,"恚也。从心。奴聲。"
八,0.72,0,3,0,0,0,"別也。"
雖,0.72,0,3,0,0,0,"佀蜥易而大。"
穆,0.72,0,3,0,0,0,"禾也。"
聽,0.72,0,3,0,0,0,"聆也。"
好,0.72,0,3,0,0,0,"媄也。"
,,0.72,0,3,0,0,0,"暂缺"
詩,0.72,0,3,0,0,0,"志也。"
九,0.72,0,3,0,0,0,"昜之變也。"
東,0.72,0,3,0,0,0,"動也。"
位,0.72,0,3,0,0,0,"列中庭之左右"
侵,0.72,0,3,0,0,0,"漸進也。"
莊,0.72,0,3,0,0,0,"上諱。"
邾,0.72,0,3,0,0,0,"江夏縣。"
襄,0.72,0,3,0,0,0,"漢令。解衣而耕謂之𧞻。"
正,0.72,0,3,0,0,0,"是也。从一。"
夷,0.72,0,3,0,0,0,"東方之人也。从大。从弓。"
御,0.72,0,3,0,0,0,"使馬也。"
去,0.72,0,3,0,0,0,"人相違也。"
共,0.72,0,3,0,0,0,"同也。从廿廾。"
喪,0.72,0,3,0,0,0,"亡也。"
官,0.72,0,3,0,0,0,"吏事君也。从宀𠂤。"
聘,0.72,0,3,0,0,0,"訪也。"
家,0.72,0,3,0,0,0,"凥也。"
誰,0.72,0,3,0,0,0,"誰何也。"
舍,0.72,0,3,0,0,0,"市居曰舍。"
親,0.72,0,3,0,0,0,"至也。"
葬,0.72,0,3,0,0,0,"臧也。"
作,0.72,0,3,0,0,0,"起也。"
待,0.72,0,3,0,0,0,"竢也。"
利,0.72,0,3,0,0,0,"銛也。"
丘,0.71,0,3,0,0,0,"土之高也。"
臧,0.71,0,3,0,0,0,"善也。"
百,0.71,0,3,0,0,0,"十十也。从一白。"
納,0.71,0,3,0,0,0,"絲溼納納也。"
初,0.71,0,3,0,0,0,"始也。"
退,0.71,0,3,0,0,0,"暂缺"
姬,0.71,0,3,0,0,0,"黃帝凥姬水。因水爲姓。从女。𦣞聲。"
狄,0.71,0,3,0,0,0,"北狄也。"
曹,0.71,0,3,0,0,0,"獄㒳曹也。"
敬,0.71,0,3,0,0,0,"肅也。"
弟,0.71,0,3,0,0,0,"韋束之次弟也。"
欒,0.71,0,3,0,0,0,"欒木。似欄。"
己,0.71,0,3,0,0,0,"中宫也。"
莒,0.71,0,3,0,0,0,"齊謂芋爲莒。"
役,0.71,0,3,0,0,0,"戍也。"
固,0.71,0,3,0,0,0,"四塞也。"
莫,0.71,0,3,0,0,0,"日且冥也。"
韓,0.71,0,3,0,0,0,"暂缺"
長,0.71,0,3,0,0,0,"久遠也。"
西,0.71,0,3,0,0,0,"鳥在巢上也。象形。"
志,0.71,0,3,0,0,0,"意也。从心㞢。㞢亦聲。"
社,0.71,0,3,0,0,0,"地主也。"
族,0.71,0,3,0,0,0,"矢鏠也。"
滅,0.71,0,3,0,0,0,"盡也。从水。烕聲。"
名,0.71,0,3,0,0,0,"自命也。"
備,0.71,0,3,0,0,0,"暂缺"
敝,0.71,0,3,0,0,0,"帗也。"
賦,0.71,0,3,0,0,0,"斂也。"
高,0.71,0,3,0,0,0,"崇也。"
始,0.71,0,3,0,0,0,"女之初也。"
元,0.71,0,3,0,0,0,"始也。"
北,0.71,0,3,0,0,0,"𦮃也。"
濟,0.71,0,3,0,0,0,"𣺴水。出常山房子贊皇山。東入泜。"
盡,0.71,0,3,0,0,0,"器中空也。"
孔,0.71,0,3,0,0,0,"通也。"
郤,0.71,0,3,0,0,0,"晉大夫叔虎邑也。"
叛,0.71,0,3,0,0,0,"半反也。"
封,0.71,0,3,0,0,0,"爵諸侯之土也。"
姜,0.71,0,3,0,0,0,"神農凥姜水。因㠯爲姓。"
卜,0.71,0,3,0,0,0,"灼剝龜也。"
義,0.71,0,3,0,0,0,"己之威義也。"
越,0.71,0,3,0,0,0,"度也。"
宗,0.71,0,3,0,0,0,"尊祖廟也。"
定,0.71,0,3,0,0,0,"安也。"
往,0.71,0,3,0,0,0,"之也。从彳。𡉚聲。"
禍,0.71,0,3,0,0,0,"害也。"
居,0.71,0,3,0,0,0,"蹲也。"
史,0.71,0,3,0,0,0,"記事者也。"
哉,0.71,0,3,0,0,0,"言之閒也。"
射,0.71,0,3,0,0,0,"暂缺"
徒,0.71,0,3,0,0,0,"暂缺"
地,0.71,0,3,0,0,0,"元气初分。輕淸昜爲天。重濁侌爲地。"
患,0.71,0,3,0,0,0,"𢝊也。从心上貫吅。吅亦聲。"
稷,0.71,0,3,0,0,0,"𪗉斉也。"
時,0.71,0,3,0,0,0,"四時也。"
舉,0.71,0,3,0,0,0,"暂缺"
范,0.71,0,3,0,0,0,"艸也。从艸。氾聲。"
神,0.71,0,3,0,0,0,"天神引出萬物者也。"
刑,0.71,0,3,0,0,0,"暂缺"
荀,0.71,0,3,0,0,0,"暂缺"
適,0.71,0,3,0,0,0,"之也。"
或,0.71,0,3,0,0,0,"邦也。"
即,0.71,0,3,0,0,0,"暂缺"
兵,0.70,0,3,0,0,0,"械也。"
貳,0.70,0,3,0,0,0,"副益也。"
寵,0.70,0,3,0,0,0,"尊凥也。"
戌,0.70,0,3,0,0,0,"烕也。九月昜气微。萬物畢成。昜下入地也。"
良,0.70,0,3,0,0,0,"善也。从畗省。亾聲。"
火,0.70,0,3,0,0,0,"𤈦也。"
報,0.70,0,3,0,0,0,"當辠人也。"
山,0.70,0,3,0,0,0,"宣也。謂能宣？气、生萬物也。"
方,0.70,0,3,0,0,0,"倂船也。"
州,0.70,0,3,0,0,0,"水中可凥者曰州。"
虞,0.70,0,3,0,0,0,"騶虞也。"
次,0.70,0,3,0,0,0,"不前不精也。"
致,0.70,0,3,0,0,0,"送詣也。"
功,0.70,0,3,0,0,0,"㠯勞定國也。"
怨,0.70,0,3,0,0,0,"恚也。从心。夗聲。"
辰,0.70,0,3,0,0,0,"震也。三月昜气動。靁電振。民農時也。物皆生。"
群,0.70,0,3,0,0,0,"暂缺"
說,0.70,0,3,0,0,0,"說釋也。"
慶,0.70,0,3,0,0,0,"行賀人也。"
內,0.70,0,3,0,0,0,"暂缺"
享,0.70,0,3,0,0,0,"暂缺"
石,0.70,0,3,0,0,0,"山石也。"
玉,0.70,0,3,0,0,0,"石之美有五德者。"
奉,0.70,0,3,0,0,0,"承也。"
少,0.70,0,3,0,0,0,"不多也。"
拜,0.70,0,3,0,0,0,"暂缺"
辛,0.70,0,3,0,0,0,"秋時萬物成而𦏧。"
憂,0.70,0,3,0,0,0,"和之行也。"
辱,0.70,0,3,0,0,0,"恥也。"
賜,0.70,0,3,0,0,0,"予也。"
老,0.70,0,3,0,0,0,"考也。"
逐,0.70,0,3,0,0,0,"追也。从辵。豖省聲。"
圖,0.70,0,3,0,0,0,"畫計難也。"
易,0.70,0,3,0,0,0,"蜥易、蝘蜓、守宫也。"
庚,0.70,0,3,0,0,0,"位西方。"
終,0.70,0,3,0,0,0,"絿絲也。"
因,0.70,0,3,0,0,0,"就也。"
私,0.70,0,3,0,0,0,"禾也。"
世,0.70,0,3,0,0,0,"三十年爲一世。"
安,0.70,0,3,0,0,0,"竫也。"
虎,0.70,0,3,0,0,0,"山獸之君。从虍。从儿。"
吉,0.70,0,3,0,0,0,"善也。从士口。"
梁,0.70,0,3,0,0,0,"水橋也。"
祀,0.70,0,3,0,0,0,"祭無巳也。"
甚,0.70,0,3,0,0,0,"尤安樂也。"
廢,0.70,0,3,0,0,0,"屋頓也。"
觀,0.70,0,3,0,0,0,"諦視也。"
由,0.70,0,3,0,0,0,"暂缺"
害,0.70,0,3,0,0,0,"傷也。"
常,0.70,0,3,0,0,0,"下帬也。"
數,0.70,0,3,0,0,0,"計也。"
逃,0.69,0,3,0,0,0,"亡也。"
首,0.69,0,3,0,0,0,"古文𦣻也。"
魏,0.69,0,3,0,0,0,"暂缺"
遇,0.69,0,3,0,0,0,"逢也。从辵。禺聲。"
愛,0.69,0,3,0,0,0,"行皃也。"
物,0.69,0,3,0,0,0,"萬物也。牛爲大物。"
佐,0.69,0,3,0,0,0,"暂缺"
穀,0.69,0,3,0,0,0,"續也。"
遠,0.69,0,3,0,0,0,"遼也。从辵。袁聲。"
豈,0.69,0,3,0,0,0,"還師振旅樂也。"
足,0.69,0,3,0,0,0,"人之足也。在體下。从口止。"
姑,0.69,0,3,0,0,0,"夫母也。"
忘,0.69,0,3,0,0,0,"不識也。"
脩,0.69,0,3,0,0,0,"脯也。"
辟,0.69,0,3,0,0,0,"法也。"
商,0.69,0,3,0,0,0,"從外知內也。从㕯。章省聲。"
午,0.69,0,3,0,0,0,"啎也。"
土,0.69,0,3,0,0,0,"地之吐生萬物者也。"
施,0.69,0,3,0,0,0,"旗旖施也。"
飲,0.69,0,3,0,0,0,"暂缺"
宰,0.69,0,3,0,0,0,"辠人在屋下執事者。"
和,0.69,0,3,0,0,0,"相應也。从口。禾聲。"
間,0.69,0,3,0,0,0,"暂缺"
哀,0.69,0,3,0,0,0,"閔也。"
處,0.69,0,3,0,0,0,"暂缺"
昔,0.69,0,3,0,0,0,"乾肉也。"
速,0.69,0,3,0,0,0,"疾也。"
登,0.69,0,3,0,0,0,"上車也。"
舊,0.69,0,3,0,0,0,"𨾦舊、"
靈,0.69,0,3,0,0,0,"暂缺"
器,0.69,0,3,0,0,0,"皿也。"
力,0.69,0,3,0,0,0,"筋也。"
母,0.69,0,3,0,0,0,"牧也。"
望,0.69,0,3,0,0,0,"出亡在外。望其還也。"
畏,0.69,0,3,0,0,0,"惡也。从甶、虎省。"
遷,0.69,0,3,0,0,0,"登也。从辵。䙴聲。"
僖,0.69,0,3,0,0,0,"樂也。"
改,0.69,0,3,0,0,0,"更也。"
河,0.69,0,3,0,0,0,"河水。"
攻,0.69,0,3,0,0,0,"擊也。"
爾,0.69,0,3,0,0,0,"麗𤕨、"
犯,0.69,0,3,0,0,0,"㑴也。"
啟,0.69,0,3,0,0,0,"教也。从攴。启聲。"
偃,0.69,0,3,0,0,0,"僵也。"
儀,0.69,0,3,0,0,0,"度也。"
寅,0.69,0,3,0,0,0,"髕也。"
降,0.69,0,3,0,0,0,"下也。"
違,0.69,0,3,0,0,0,"離也。"
當,0.69,0,3,0,0,0,"田相値也。"
皇,0.69,0,3,0,0,0,"大也。"
寧,0.69,0,3,0,0,0,"願䛐也。"
展,0.69,0,3,0,0,0,"轉也。"
兄,0.69,0,3,0,0,0,"長也。"
苟,0.69,0,3,0,0,0,"艸也。"
威,0.69,0,3,0,0,0,"姑也。"
鼓,0.69,0,3,0,0,0,"郭也。"
賈,0.69,0,3,0,0,0,"賈、"
勝,0.69,0,3,0,0,0,"任也。"
弱,0.69,0,3,0,0,0,"橈也。"
忠,0.69,0,3,0,0,0,"敬也。"
魚,0.69,0,3,0,0,0,"水蟲也。象形。魚尾與燕尾相佀。"
凡,0.69,0,3,0,0,0,"冣𢬸而言也。"
郊,0.69,0,3,0,0,0,"歫國百里爲郊。"
賂,0.69,0,3,0,0,0,"遺也。"
加,0.69,0,3,0,0,0,"語相譄加也。"
崔,0.69,0,3,0,0,0,"大高也。"
勞,0.69,0,3,0,0,0,"勮也。"
屬,0.69,0,3,0,0,0,"連也。"
久,0.68,0,3,0,0,0,"從後灸之也。"
章,0.68,0,3,0,0,0,"樂竟爲一章。"
聲,0.68,0,3,0,0,0,"音也。"
合,0.68,0,3,0,0,0,"亼口也。"
亥,0.68,0,3,0,0,0,"荄也。十月微昜起接盛侌。"
視,0.68,0,3,0,0,0,"瞻也。"
職,0.68,0,3,0,0,0,"記𢼸也。"
簡,0.68,0,3,0,0,0,"暂缺"
爭,0.68,0,3,0,0,0,"引也。"
治,0.68,0,3,0,0,0,"治水。出東萊曲城陽丘山。南入海。"
敵,0.68,0,3,0,0,0,"仇也。"
淫,0.68,0,3,0,0,0,"浸淫隨理也。"
病,0.68,0,3,0,0,0,"疾加也。"
酒,0.68,0,3,0,0,0,"就也。所㠯就人性之善惡。"
況,0.68,0,3,0,0,0,"寒水也。"
懷,0.68,0,3,0,0,0,"念思也。"
寇,0.68,0,3,0,0,0,"暴也。"
分,0.68,0,3,0,0,0,"別也。从八刀。"
戊,0.68,0,3,0,0,0,"中宫也。"
妻,0.68,0,3,0,0,0,"婦與己齊者也。"
鞅,0.68,0,3,0,0,0,"頸靼也。"
虢,0.68,0,3,0,0,0,"虎所攫畫明文也。"
原,0.68,0,3,0,0,0,"暂缺"
期,0.68,0,3,0,0,0,"會也。"
木,0.68,0,3,0,0,0,"冒也。"
進,0.68,0,3,0,0,0,"登也。从辵。閵省聲。"
蒲,0.68,0,3,0,0,0,"水艸也。或㠯作席。"
新,0.68,0,3,0,0,0,"取木也。"
祭,0.68,0,3,0,0,0,"祭祀也。"
保,0.68,0,3,0,0,0,"養也。"
美,0.68,0,3,0,0,0,"甘也。"
水,0.68,0,3,0,0,0,"準也。"
福,0.68,0,3,0,0,0,"備也。"
庸,0.68,0,3,0,0,0,"用也。"
囚,0.68,0,3,0,0,0,"繫也。从人在囗中。"
陵,0.68,0,3,0,0,0,"大𨸏也。"
劉,0.68,0,3,0,0,0,"暂缺"
恤,0.68,0,3,0,0,0,"𢝊也。"
思,0.68,0,3,0,0,0,"䜭也。"
興,0.68,0,3,0,0,0,"起也。"
(,0.68,0,3,0,0,0,"暂缺"
丁,0.68,0,3,0,0,0,"夏時萬物皆丁實。"
丙,0.68,0,3,0,0,0,"位南方。"
稱,0.68,0,3,0,0,0,"銓也。"
度,0.68,0,3,0,0,0,"法制也。"
),0.68,0,3,0,0,0,"暂缺"
駟,0.68,0,3,0,0,0,"一乘也。"
送,0.68,0,3,0,0,0,"遣也。从辵。㑞省。"
餘,0.68,0,3,0,0,0,"饒也。从食。余聲。"
息,0.68,0,3,0,0,0,"喘也。"
彊,0.68,0,3,0,0,0,"弓有力也。"
比,0.68,0,3,0,0,0,"密也。"
后,0.68,0,3,0,0,0,"繼體君也。"
癸,0.68,0,3,0,0,0,"冬時水土平。可揆度也。"
婦,0.68,0,3,0,0,0,"服也。"
壬,0.68,0,3,0,0,0,"位北方也。侌極昜生。"
杞,0.68,0,3,0,0,0,"枸杞也。"
賓,0.68,0,3,0,0,0,"所敬也。"
身,0.68,0,3,0,0,0,"躳也。"
災,0.68,0,3,0,0,0,"暂缺"
禦,0.68,0,3,0,0,0,"祀也。从示。御聲。"
彼,0.68,0,3,0,0,0,"往有所加也。"
鄙,0.68,0,3,0,0,0,"五酇爲鄙。"
益,0.68,0,3,0,0,0,"饒也。"
鬥,0.68,0,3,0,0,0,"㒳士相對。兵杖在後。象鬥之形。"
林,0.68,0,3,0,0,0,"平土有叢木曰林。"
讎,0.68,0,3,0,0,0,"猶𧭭也。"
幣,0.68,0,3,0,0,0,"帛也。"
狐,0.68,0,3,0,0,0,"䄏獸也。鬼所乘之。"
雍,0.68,0,3,0,0,0,"暂缺"
喜,0.68,0,3,0,0,0,"樂也。"
制,0.68,0,3,0,0,0,"裁也。"
皮,0.67,0,3,0,0,0,"剥取獸革者謂之皮。"
輿,0.67,0,3,0,0,0,"車輿也。"
願,0.67,0,3,0,0,0,"大頭也。"
張,0.67,0,3,0,0,0,"𢻱弓弦也。"
諫,0.67,0,3,0,0,0,"証也。从言。柬聲。"
戮,0.67,0,3,0,0,0,"殺也。"
弒,0.67,0,3,0,0,0,"暂缺"
隨,0.67,0,3,0,0,0,"從也。"
姓,0.67,0,3,0,0,0,"人所生也。"
弔,0.67,0,3,0,0,0,"問終也。"
厚,0.67,0,3,0,0,0,"山陵之㫗也。"
康,0.67,0,3,0,0,0,"暂缺"
嗣,0.67,0,3,0,0,0,"諸侯嗣國也。"
祝,0.67,0,3,0,0,0,"祭主贊䛐者。从示。从儿口。"
祁,0.67,0,3,0,0,0,"大原縣。"
背,0.67,0,3,0,0,0,"脊也。"
起,0.67,0,3,0,0,0,"能立也。"
厲,0.67,0,3,0,0,0,"暂缺"
嬖,0.67,0,3,0,0,0,"𠊳嬖、"
牛,0.67,0,3,0,0,0,"事也。理也。"
臨,0.67,0,3,0,0,0,"監也。"
宜,0.67,0,3,0,0,0,"暂缺"
歲,0.67,0,3,0,0,0,"木星也。"
景,0.67,0,3,0,0,0,"日灮也。"
單,0.67,0,3,0,0,0,"大也。"
異,0.67,0,3,0,0,0,"分也。"
疆,0.67,0,3,0,0,0,"暂缺"
盈,0.67,0,3,0,0,0,"滿器也。"
鮮,0.67,0,3,0,0,0,"鮮魚也。出貉國。"
他,0.67,0,3,0,0,0,"暂缺"
巳,0.67,0,3,0,0,0,"巳也。"
嘉,0.67,0,3,0,0,0,"美也。"
夜,0.67,0,3,0,0,0,"舍也。"
貪,0.67,0,3,0,0,0,"欲物也。"
賞,0.67,0,3,0,0,0,"賜有功也。"
敖,0.67,0,3,0,0,0,"游也。"
鮑,0.67,0,3,0,0,0,"饐魚也。"
云,0.67,0,3,0,0,0,"暂缺"
尸,0.67,0,3,0,0,0,"陳也。"
再,0.67,0,3,0,0,0,"一舉而二也。"
瑕,0.67,0,3,0,0,0,"玉小赤也。"
祿,0.67,0,3,0,0,0,"福也。"
咎,0.67,0,3,0,0,0,"災也。"
務,0.67,0,3,0,0,0,"趣也。"
質,0.67,0,3,0,0,0,"㠯物相贅。"
徵,0.67,0,3,0,0,0,"召也。"
古,0.67,0,3,0,0,0,"故也。"
朔,0.67,0,3,0,0,0,"月一日始蘇也。"
順,0.67,0,3,0,0,0,"理也。"
歌,0.67,0,3,0,0,0,"詠也。"
甯,0.67,0,3,0,0,0,"所願也。"
慎,0.67,0,3,0,0,0,"暂缺"
丑,0.67,0,3,0,0,0,"紐也。"
里,0.67,0,3,0,0,0,"凥也。"
晏,0.67,0,3,0,0,0,"天淸也。"
彌,0.67,0,3,0,0,0,"暂缺"
鉏,0.67,0,3,0,0,0,"立薅斫也。"
授,0.67,0,3,0,0,0,"予也。"
費,0.67,0,3,0,0,0,"散財用也。"
撫,0.67,0,3,0,0,0,"安也。从手。𣞤聲。"
介,0.67,0,3,0,0,0,"畫也。"
建,0.67,0,3,0,0,0,"立朝律也。"
孝,0.67,0,3,0,0,0,"善事父母者。"
游,0.67,0,3,0,0,0,"旌旗之流也。"
廟,0.67,0,3,0,0,0,"尊先祖皃也。"
龍,0.67,0,3,0,0,0,"𩼩蟲之長。能幽能朙。能細能巨。能短能長。"
語,0.67,0,3,0,0,0,"論也。"
擊,0.67,0,3,0,0,0,"攴也。"
洩,0.67,0,3,0,0,0,"暂缺"
胥,0.67,0,3,0,0,0,"蟹醢也。"
讓,0.67,0,3,0,0,0,"相責讓。"
茲,0.66,0,3,0,0,0,"艸木多益。"
卑,0.66,0,3,0,0,0,"賤也。執事者。从𠂇甲。"
通,0.66,0,3,0,0,0,"達也。"
昏,0.66,0,3,0,0,0,"日冥也。"
傷,0.66,0,3,0,0,0,"創也。"
盜,0.66,0,3,0,0,0,"厶利物也。"
庶,0.66,0,3,0,0,0,"屋下衆也。"
載,0.66,0,3,0,0,0,"椉也。"
縣,0.66,0,3,0,0,0,"繫也。"
乙,0.66,0,3,0,0,0,"象春艸木冤曲而出。侌气尙彊。其出乙乙也。"
示,0.66,0,3,0,0,0,"天𠂹象。見吉凶。"
紀,0.66,0,3,0,0,0,"别絲也。"
句,0.66,0,3,0,0,0,"曲也。"
任,0.66,0,3,0,0,0,"𠈃也。"
曲,0.66,0,3,0,0,0,"象器曲受物之形也。"
沈,0.66,0,3,0,0,0,"陵上滈水也。"
干,0.66,0,3,0,0,0,"犯也。"
教,0.66,0,3,0,0,0,"暂缺"
乞,0.66,0,3,0,0,0,"暂缺"
郭,0.66,0,3,0,0,0,"齊之郭氏虛。"
承,0.66,0,3,0,0,0,"奉也。受也。"
耳,0.66,0,3,0,0,0,"主聽者也。"
兩,0.66,0,3,0,0,0,"二十四銖爲一兩。"
列,0.66,0,3,0,0,0,"分解也。"
勤,0.66,0,3,0,0,0,"勞也。"
勿,0.66,0,3,0,0,0,"州里所建旗。"
黨,0.66,0,3,0,0,0,"不鮮也。"
夢,0.66,0,3,0,0,0,"不朙也。"
除,0.66,0,3,0,0,0,"殿陛也。"
風,0.66,0,3,0,0,0,"八風也。東方曰朙庶風。東南曰淸朙風。南方曰景風。西南曰涼風。西方曰閶𨵵風。西北曰不周風。北方曰廣莫風。東北曰融風。"
徐,0.66,0,3,0,0,0,"安行也。从彳。余聲。"
唐,0.66,0,3,0,0,0,"大言也。"
男,0.66,0,3,0,0,0,"丈夫也。"
富,0.66,0,3,0,0,0,"僃也。"
舒,0.66,0,3,0,0,0,"伸也。"
戈,0.66,0,3,0,0,0,"平頭𢧢也。"
專,0.66,0,3,0,0,0,"六寸簿也。"
睦,0.66,0,3,0,0,0,"目順也。从目。坴聲。"
哭,0.66,0,3,0,0,0,"哀聲也。从吅。从獄省聲。"
恃,0.66,0,3,0,0,0,"賴也。"
鍾,0.66,0,3,0,0,0,"酒器也。"
邢,0.66,0,3,0,0,0,"暂缺"
助,0.66,0,3,0,0,0,"左也。"
舟,0.66,0,3,0,0,0,"船也。"
豐,0.66,0,3,0,0,0,"豆之豐滿也。"
勇,0.66,0,3,0,0,0,"气也。"
寘,0.66,0,3,0,0,0,"暂缺"
圉,0.66,0,3,0,0,0,"囹圉、"
幾,0.66,0,3,0,0,0,"微也。"
黃,0.66,0,3,0,0,0,"地之色也。"
毀,0.66,0,3,0,0,0,"缺也。"
弓,0.66,0,3,0,0,0,"竆也。"
衰,0.66,0,3,0,0,0,"艸雨衣。"
夕,0.66,0,3,0,0,0,"𦱤也。"
路,0.66,0,3,0,0,0,"道也。"
薳,0.66,0,3,0,0,0,"暂缺"
奪,0.66,0,3,0,0,0,"手持隹失之也。"
具,0.66,0,3,0,0,0,"共置也。"
千,0.66,0,3,0,0,0,"十百也。从十。人聲。"
悼,0.66,0,3,0,0,0,"懼也。陳楚謂懼曰悼。"
澤,0.66,0,3,0,0,0,"光潤也。"
孤,0.66,0,3,0,0,0,"無父也。"
遺,0.66,0,3,0,0,0,"亡也。"
羽,0.66,0,3,0,0,0,"鳥長毛也。"
絕,0.66,0,3,0,0,0,"暂缺"
僕,0.66,0,3,0,0,0,"給事者。"
追,0.66,0,3,0,0,0,"逐也。"
焚,0.66,0,3,0,0,0,"燒田也。从火林。"
離,0.66,0,3,0,0,0,"離黃、"
罕,0.66,0,3,0,0,0,"网也。"
豹,0.65,0,3,0,0,0,"佀虎。圜文。"
繼,0.65,0,3,0,0,0,"暂缺"
盍,0.65,0,3,0,0,0,"暂缺"
代,0.65,0,3,0,0,0,"㪅也。"
館,0.65,0,3,0,0,0,"客舍也。"
恥,0.65,0,3,0,0,0,"辱也。"
悔,0.65,0,3,0,0,0,"悔𢚉也。"
卯,0.65,0,3,0,0,0,"冒也。二月萬物冒地而出。"
否,0.65,0,3,0,0,0,"不也。"
戍,0.65,0,3,0,0,0,"守邊也。"
工,0.65,0,3,0,0,0,"巧飾也。"
聚,0.65,0,3,0,0,0,"會也。"
胡,0.65,0,3,0,0,0,"牛𩔞𠂹也。"
蕩,0.65,0,3,0,0,0,"蕩水。出河內蕩陰。東入黃澤。"
伏,0.65,0,3,0,0,0,"司也。"
動,0.65,0,3,0,0,0,"作也。"
帝,0.65,0,3,0,0,0,"諦也。"
寢,0.65,0,3,0,0,0,"暂缺"
鬼,0.65,0,3,0,0,0,"人所歸爲鬼。"
賊,0.65,0,3,0,0,0,"敗也。"
賤,0.65,0,3,0,0,0,"賈少也。"
懿,0.65,0,3,0,0,0,"嫥久而美也。"
俘,0.65,0,3,0,0,0,"軍所獲也。"
野,0.65,0,3,0,0,0,"郊外也。"
尋,0.65,0,3,0,0,0,"暂缺"
屈,0.65,0,3,0,0,0,"無尾也。"
涉,0.65,0,3,0,0,0,"暂缺"
僑,0.65,0,3,0,0,0,"高也。"
稽,0.65,0,3,0,0,0,"畱止也。"
走,0.65,0,3,0,0,0,"趨也。"
偪,0.65,0,3,0,0,0,"暂缺"
祥,0.65,0,3,0,0,0,"福也。"
羊,0.65,0,3,0,0,0,"祥也。"
近,0.65,0,3,0,0,0,"附也。"
衣,0.65,0,3,0,0,0,"依也。"
燕,0.65,0,3,0,0,0,"燕燕、玄鳥也。"
節,0.65,0,3,0,0,0,"竹約也。"
京,0.65,0,3,0,0,0,"人所爲絕高丘也。"
絳,0.65,0,3,0,0,0,"大赤也。"
忌,0.65,0,3,0,0,0,"憎惡也。从心。己聲。"
陰,0.65,0,3,0,0,0,"闇也。"
竟,0.65,0,3,0,0,0,"樂曲盡爲竟。"
假,0.65,0,3,0,0,0,"非眞也。"
娶,0.65,0,3,0,0,0,"取婦也。"
隱,0.65,0,3,0,0,0,"蔽也。"
仁,0.65,0,3,0,0,0,"親也。"
貴,0.65,0,3,0,0,0,"物不賤也。从貝。臾聲。"
率,0.65,0,3,0,0,0,"捕鳥畢也。"
蔑,0.65,0,3,0,0,0,"勞目無精也。"
虐,0.65,0,3,0,0,0,"殘也。"
逞,0.65,0,3,0,0,0,"通也。"
賄,0.65,0,3,0,0,0,"財也。"
前,0.65,0,3,0,0,0,"暂缺"
厥,0.65,0,3,0,0,0,"發石也。"
帶,0.65,0,3,0,0,0,"紳也。"
凶,0.65,0,3,0,0,0,"惡也。"
尼,0.65,0,3,0,0,0,"從後近之。"
闕,0.65,0,3,0,0,0,"門。觀也。"
蒯,0.65,0,3,0,0,0,"暂缺"
各,0.65,0,3,0,0,0,"異䛐也。"
鄫,0.65,0,3,0,0,0,"姒姓國。"
臺,0.64,0,3,0,0,0,"觀四方而高者也。"
嘗,0.64,0,3,0,0,0,"口味之也。"
強,0.64,0,3,0,0,0,"蚚也。"
伍,0.64,0,3,0,0,0,"相參伍也。"
侈,0.64,0,3,0,0,0,"掩脅也。"
祖,0.64,0,3,0,0,0,"始廟也。"
嬰,0.64,0,3,0,0,0,"繞也。"
盧,0.64,0,3,0,0,0,"盧、飯器也。"
戒,0.64,0,3,0,0,0,"警也。"
客,0.64,0,3,0,0,0,"寄也。"
毛,0.64,0,3,0,0,0,"睂髮之屬及獸毛也。"
法,0.64,0,3,0,0,0,"暂缺"
口,0.64,0,3,0,0,0,"人所㠯言食也。"
訓,0.64,0,3,0,0,0,"說敎也。"
誘,0.64,0,3,0,0,0,"暂缺"
朱,0.64,0,3,0,0,0,"赤心木。松柏屬。"
禽,0.64,0,3,0,0,0,"走獸總名。"
忍,0.64,0,3,0,0,0,"能也。"
巫,0.64,0,3,0,0,0,"巫祝也。"
須,0.64,0,3,0,0,0,"頤下毛也。"
極,0.64,0,3,0,0,0,"棟也。"
惟,0.64,0,3,0,0,0,"凡思也。"
靖,0.64,0,3,0,0,0,"立竫也。"
蒍,0.64,0,3,0,0,0,"暂缺"
薨,0.64,0,3,0,0,0,"公矦𣨛也。"
宴,0.64,0,3,0,0,0,"安也。"
戾,0.64,0,3,0,0,0,"曲也。"
顧,0.64,0,3,0,0,0,"還視也。"
滕,0.64,0,3,0,0,0,"水超踊也。"
賴,0.64,0,3,0,0,0,"贏也。"
旅,0.64,0,3,0,0,0,"軍之五百人。"
畢,0.64,0,3,0,0,0,"田网也。"
饗,0.64,0,3,0,0,0,"鄉人㱃酒也。"
都,0.64,0,3,0,0,0,"有先君之舊宗廟曰都。"
本,0.64,0,3,0,0,0,"木下曰本。從木。從丅。"
崇,0.64,0,3,0,0,0,"山大而高也。"
光,0.64,0,3,0,0,0,"朙也。"
罷,0.64,0,3,0,0,0,"遣有辠也。"
矢,0.64,0,3,0,0,0,"弓弩矢也。"
釋,0.64,0,3,0,0,0,"解也。"
幸,0.64,0,3,0,0,0,"暂缺"
友,0.64,0,3,0,0,0,"同志爲友。"
布,0.64,0,3,0,0,0,"枲織也。"
甥,0.64,0,3,0,0,0,"謂我舅者吾謂之甥。"
擇,0.64,0,3,0,0,0,"柬選也。"
類,0.64,0,3,0,0,0,"穜類相佀。唯犬爲甚。"
旗,0.64,0,3,0,0,0,"熊旗五游。㠯象伐星。"
雨,0.64,0,3,0,0,0,"水從雲下也。"
管,0.64,0,3,0,0,0,"如箎。六孔。"
捷,0.64,0,3,0,0,0,"獵也。"
抑,0.64,0,3,0,0,0,"暂缺"
鳥,0.64,0,3,0,0,0,"長尾禽緫名也。"
發,0.64,0,3,0,0,0,"䠶發也。"
覆,0.64,0,3,0,0,0,"覂也。"
勸,0.64,0,3,0,0,0,"勉也。"
白,0.64,0,3,0,0,0,"西方色也。侌用事。物色白。从入合二。"
姦,0.64,0,3,0,0,0,"厶也。"
薄,0.64,0,3,0,0,0,"林薄也。"
厭,0.64,0,3,0,0,0,"笮也。"
酉,0.64,0,3,0,0,0,"就也。"
毋,0.64,0,3,0,0,0,"止之䛐也。"
庭,0.64,0,3,0,0,0,"宮中也。"
壽,0.64,0,3,0,0,0,"久也。"
藏,0.64,0,3,0,0,0,"暂缺"
溫,0.64,0,3,0,0,0,"溫水。出楗爲符。"
輔,0.64,0,3,0,0,0,"春秋傳曰。輔車相依。"
駕,0.64,0,3,0,0,0,"馬在軛中也。"
鄧,0.64,0,3,0,0,0,"曼姓之國。"
府,0.64,0,3,0,0,0,"文書臧也。"
戚,0.63,0,3,0,0,0,"戉也。"
堪,0.63,0,3,0,0,0,"地突也。"
璧,0.63,0,3,0,0,0,"瑞玉圜也。"
牟,0.63,0,3,0,0,0,"牛鳴也。从牛。"
養,0.63,0,3,0,0,0,"供養也。"
巢,0.63,0,3,0,0,0,"鳥在木上曰巢。在穴曰窠。"
龜,0.63,0,3,0,0,0,"舊也。"
吏,0.63,0,3,0,0,0,"治人者也。"
達,0.63,0,3,0,0,0,"行不相遇也。"
績,0.63,0,3,0,0,0,"緝也。"
郈,0.63,0,3,0,0,0,"東平無鹽鄉。"
棘,0.63,0,3,0,0,0,"小棗叢生者。"
沃,0.63,0,3,0,0,0,"暂缺"
收,0.63,0,3,0,0,0,"捕也。"
讒,0.63,0,3,0,0,0,"𧮂也。从言。毚聲。"
赦,0.63,0,3,0,0,0,"置也。"
存,0.63,0,3,0,0,0,"恤問也。"
侍,0.63,0,3,0,0,0,"承也。"
萬,0.63,0,3,0,0,0,"蟲也。"
赤,0.63,0,3,0,0,0,"南方色也。"
呼,0.63,0,3,0,0,0,"外息也。"
設,0.63,0,3,0,0,0,"施陳也。"
寶,0.63,0,3,0,0,0,"珍也。"
負,0.63,0,3,0,0,0,"恃也。"
萊,0.63,0,3,0,0,0,"蔓華也。"
尚,0.63,0,3,0,0,0,"暂缺"
彭,0.63,0,3,0,0,0,"𡔷聲也。"
川,0.63,0,3,0,0,0,"毌穿通流水也。"
競,0.63,0,3,0,0,0,"彊語也。"
斂,0.63,0,3,0,0,0,"收也。从攴。僉聲。"
乾,0.63,0,3,0,0,0,"上出也。"
犁,0.63,0,3,0,0,0,"暂缺"
經,0.63,0,3,0,0,0,"織從絲也。"
象,0.63,0,3,0,0,0,"南越大獸。"
尊,0.63,0,3,0,0,0,"暂缺"
市,0.63,0,3,0,0,0,"買賣所之也。"
揚,0.63,0,3,0,0,0,"飛舉也。从手。昜聲。"
邇,0.63,0,3,0,0,0,"近也。"
戴,0.63,0,3,0,0,0,"分物得增益曰戴。"
襲,0.63,0,3,0,0,0,"𠂇衽袍。"
直,0.63,0,3,0,0,0,"正見也。"
傅,0.63,0,3,0,0,0,"相也。"
/,0.63,0,3,0,0,0,"暂缺"
急,0.63,0,3,0,0,0,"褊也。"
黑,0.63,0,3,0,0,0,"北方色也。"
容,0.63,0,3,0,0,0,"盛也。"
貨,0.63,0,3,0,0,0,"財也。"
漢,0.63,0,3,0,0,0,"漾也。"
孰,0.63,0,3,0,0,0,"暂缺"
蒐,0.63,0,3,0,0,0,"茅蒐、"
宿,0.63,0,3,0,0,0,"止也。"
班,0.63,0,3,0,0,0,"分瑞玉。"
鄰,0.63,0,3,0,0,0,"五家爲鄰。"
蠻,0.63,0,3,0,0,0,"南蠻。"
貢,0.63,0,3,0,0,0,"獻功也。"
獨,0.63,0,3,0,0,0,"犬相得而鬥也。"
牢,0.63,0,3,0,0,0,"閑也。"
鳩,0.63,0,3,0,0,0,"鶻鵃也。"
桑,0.63,0,3,0,0,0,"蠶所食葉木。从叒木。"
尾,0.63,0,3,0,0,0,"微也。"
牲,0.63,0,3,0,0,0,"牛完全也。"
蒞,0.63,0,3,0,0,0,"暂缺"
滑,0.63,0,3,0,0,0,"利也。"
聖,0.63,0,3,0,0,0,"通也。"
要,0.63,0,3,0,0,0,"暂缺"
手,0.63,0,3,0,0,0,"拳也。"
才,0.63,0,3,0,0,0,"艸木之初也。"
圃,0.63,0,3,0,0,0,"所㠯穜菜曰圃。"
鼎,0.62,0,3,0,0,0,"三足㒳耳。和五味之寶器也。"
征,0.62,0,3,0,0,0,"暂缺"
椒,0.62,0,3,0,0,0,"暂缺"
嬴,0.62,0,3,0,0,0,"帝少暤之姓也。"
廣,0.62,0,3,0,0,0,"殿之大屋也。"
罰,0.62,0,3,0,0,0,"辠之小者。"
皋,0.62,0,3,0,0,0,"气皋白之進也。"
郢,0.62,0,3,0,0,0,"故楚都。"
筮,0.62,0,3,0,0,0,"易卦用著也。"
段,0.62,0,3,0,0,0,"椎物也。"
冠,0.62,0,3,0,0,0,"絭也。"
輕,0.62,0,3,0,0,0,"輕車也。"
暴,0.62,0,3,0,0,0,"暂缺"
金,0.62,0,3,0,0,0,"五色金也。"
廬,0.62,0,3,0,0,0,"寄也。秋冬去。春夏居。"
奚,0.62,0,3,0,0,0,"大腹也。"
析,0.62,0,3,0,0,0,"破木也。"
寬,0.62,0,3,0,0,0,"屋寬大也。"
目,0.62,0,3,0,0,0,"人眼也。象形。重、童子也。"
魋,0.62,0,3,0,0,0,"如小熊。赤毛而黃。从隹。鬼聲。"
犨,0.62,0,3,0,0,0,"暂缺"
靡,0.62,0,3,0,0,0,"柀靡也。"
隧,0.62,0,3,0,0,0,"暂缺"
偽,0.62,0,3,0,0,0,"暂缺"
攝,0.62,0,3,0,0,0,"引持也。"
劍,0.62,0,3,0,0,0,"暂缺"
慝,0.62,0,3,0,0,0,"暂缺"
結,0.62,0,3,0,0,0,"締也。从糸。吉聲。"
學,0.62,0,3,0,0,0,"暂缺"
早,0.62,0,3,0,0,0,"䢅也。"
妾,0.62,0,3,0,0,0,"有辠女子給事之得接於君者。"
佗,0.62,0,3,0,0,0,"負何也。"
虛,0.62,0,3,0,0,0,"暂缺"
濮,0.62,0,3,0,0,0,"濮水。出東郡濮陽。南入鉅野。"
衷,0.62,0,3,0,0,0,"裏褻衣。"
恐,0.62,0,3,0,0,0,"懼也。从心。𢀜聲。"
麇,0.62,0,3,0,0,0,"麞也。"
材,0.62,0,3,0,0,0,"木梃也。"
盾,0.62,0,3,0,0,0,"瞂也。"
險,0.62,0,3,0,0,0,"阻難也。从𨸏。僉聲。"
蕭,0.62,0,3,0,0,0,"艾蒿也。"
革,0.62,0,3,0,0,0,"獸皮治去其毛曰革。"
紇,0.62,0,3,0,0,0,"絲下也。"
皙,0.62,0,3,0,0,0,"人色白也。"
典,0.62,0,3,0,0,0,"五帝之書也。"
潰,0.62,0,3,0,0,0,"漏也。"
羈,0.62,0,3,0,0,0,"暂缺"
弘,0.62,0,3,0,0,0,"弓聲也。"
斃,0.62,0,3,0,0,0,"暂缺"
微,0.62,0,3,0,0,0,"隱行也。"
兆,0.62,0,3,0,0,0,"暂缺"
鍼,0.62,0,3,0,0,0,"所㠯縫也。"
饑,0.62,0,3,0,0,0,"榖不孰爲饑。"
徼,0.62,0,3,0,0,0,"循也。"
殿,0.62,0,3,0,0,0,"擊聲也。"
宇,0.62,0,3,0,0,0,"屋邊也。"
驕,0.61,0,3,0,0,0,"馬高六尺爲驕。"
",0.61,0,3,0,0,0,"暂缺"
豫,0.61,0,3,0,0,0,"象之大者。"
馮,0.61,0,3,0,0,0,"馬行疾也。从馬。仌聲。"
緩,0.61,0,3,0,0,0,"暂缺"
江,0.61,0,3,0,0,0,"江水。出蜀湔氐徼外崏山。入海。"
清,0.61,0,3,0,0,0,"暂缺"
匹,0.61,0,3,0,0,0,"四丈也。"
閉,0.61,0,3,0,0,0,"𨵵門也。"
豎,0.61,0,3,0,0,0,"堅立也。"
業,0.61,0,3,0,0,0,"大版也。"
榮,0.61,0,3,0,0,0,"桐木也。"
殖,0.61,0,3,0,0,0,"脂膏久殖也。"
援,0.61,0,3,0,0,0,"引也。"
關,0.61,0,3,0,0,0,"以木横持門戶也。"
帛,0.61,0,3,0,0,0,"繒也。"
崩,0.61,0,3,0,0,0,"暂缺"
蘇,0.61,0,3,0,0,0,"桂荏也。"
賀,0.61,0,3,0,0,0,"㠯禮物相奉慶也。"
赴,0.61,0,3,0,0,0,"趨也。"
誓,0.61,0,3,0,0,0,"約束也。"
柔,0.61,0,3,0,0,0,"木曲直也。"
:,0.61,0,3,0,0,0,"暂缺"
葉,0.61,0,3,0,0,0,"艸木之葉也。"
滋,0.61,0,3,0,0,0,"益也。"
燮,0.61,0,3,0,0,0,"和也。"
丐,0.61,0,3,0,0,0,"暂缺"
罃,0.61,0,3,0,0,0,"備火長頸缾也。"
囊,0.61,0,3,0,0,0,"槖也。从㯻省。𤕦聲。"
霸,0.61,0,3,0,0,0,"月始生魄然也。"
耦,0.61,0,3,0,0,0,"耕廣五寸爲伐。二伐爲耦。"
隸,0.61,0,3,0,0,0,"附箸也。"
踰,0.61,0,3,0,0,0,"越也。"
肉,0.61,0,3,0,0,0,"胾肉。"
翼,0.61,0,3,0,0,0,"暂缺"
舌,0.61,0,3,0,0,0,"在口所㠯言别味者也。"
寒,0.61,0,3,0,0,0,"凍也。"
更,0.61,0,3,0,0,0,"改也。"
縊,0.61,0,3,0,0,0,"絞也。"
奸,0.61,0,3,0,0,0,"犯婬也。"
呂,0.61,0,3,0,0,0,"𦟝骨也。象形。"
猛,0.61,0,3,0,0,0,"健犬也。"
譖,0.61,0,3,0,0,0,"愬也。"
壞,0.61,0,3,0,0,0,"敗也。"
困,0.61,0,3,0,0,0,"故廬也。"
掩,0.61,0,3,0,0,0,"斂也小上曰掩"
鄢,0.61,0,3,0,0,0,"南郡縣。孝惠三年改名宜城。"
黶,0.61,0,3,0,0,0,"中黑也。"
爵,0.61,0,3,0,0,0,"暂缺"
斷,0.61,0,3,0,0,0,"暂缺"
禁,0.61,0,3,0,0,0,"吉凶之忌也。"
貞,0.61,0,3,0,0,0,"⺊問也。"
隕,0.61,0,3,0,0,0,"從高下也。"
星,0.61,0,3,0,0,0,"暂缺"
徇,0.61,0,3,0,0,0,"暂缺"
草,0.61,0,3,0,0,0,"草𣁬、"
效,0.61,0,3,0,0,0,"象也。"
震,0.61,0,3,0,0,0,"劈歷振物者。"
牧,0.61,0,3,0,0,0,"養牛人也。"
杼,0.61,0,3,0,0,0,"機持緯者。"
壹,0.61,0,3,0,0,0,"嫥𡔹也。"
意,0.61,0,3,0,0,0,"志也。"
薛,0.61,0,3,0,0,0,"暂缺"
鮒,0.61,0,3,0,0,0,"鮒魚也。"
斬,0.61,0,3,0,0,0,"𢧵也。"
氣,0.61,0,3,0,0,0,"饋客之芻米也。"
羅,0.61,0,3,0,0,0,"㠯絲罟鳥也。"
釁,0.61,0,3,0,0,0,"血祭也。"
沒,0.61,0,3,0,0,0,"湛也。"
茅,0.61,0,3,0,0,0,"菅也。"
泉,0.61,0,3,0,0,0,"水厡也。"
偏,0.61,0,3,0,0,0,"頗也。"
幼,0.61,0,3,0,0,0,"少也。"
築,0.61,0,3,0,0,0,"所㠯擣也。"
體,0.61,0,3,0,0,0,"緫十二屬也。"
鹿,0.61,0,3,0,0,0,"鹿獸也。"
潘,0.61,0,3,0,0,0,"淅米汁也。"
側,0.61,0,3,0,0,0,"旁也。"
籍,0.61,0,3,0,0,0,"簿也。"
勳,0.60,0,3,0,0,0,"能成王功也。"
旌,0.60,0,3,0,0,0,"游車載旌。"
蒙,0.60,0,3,0,0,0,"王女也。"
歎,0.60,0,3,0,0,0,"吟也。謂情有所悅。吟歎而歌詠。"
旱,0.60,0,3,0,0,0,"不雨也。从日。干聲。"
股,0.60,0,3,0,0,0,"髀也。"
解,0.60,0,3,0,0,0,"判也。从刀判牛角。"
投,0.60,0,3,0,0,0,"擿也。"
冉,0.60,0,3,0,0,0,"暂缺"
姻,0.60,0,3,0,0,0,"壻家也。"
貺,0.60,0,3,0,0,0,"暂缺"
畜,0.60,0,3,0,0,0,"田畜也。"
隊,0.60,0,3,0,0,0,"從高隊也。"
略,0.60,0,3,0,0,0,"經略土地也。"
深,0.60,0,3,0,0,0,"深水。出桂陽南平。西入營道。"
協,0.60,0,3,0,0,0,"同眾之龢也。"
危,0.60,0,3,0,0,0,"在高而懼也。"
量,0.60,0,3,0,0,0,"稱輕重也。"
鄉,0.60,0,3,0,0,0,"暂缺"
並,0.60,0,3,0,0,0,"暂缺"
占,0.60,0,3,0,0,0,"視兆問也。"
宵,0.60,0,3,0,0,0,"夜也。"
櫟,0.60,0,3,0,0,0,"櫟木也。"
箕,0.60,0,3,0,0,0,"所㠯簸者也。"
孺,0.60,0,3,0,0,0,"乳子也。"
坐,0.60,0,3,0,0,0,"暂缺"
妃,0.60,0,3,0,0,0,"匹也。"
塞,0.60,0,3,0,0,0,"隔也。"
肱,0.60,0,3,0,0,0,"暂缺"
魴,0.60,0,3,0,0,0,"赤尾魚也。"
序,0.60,0,3,0,0,0,"東西牆也。"
防,0.60,0,3,0,0,0,"隄也。"
招,0.60,0,3,0,0,0,"手𧦝也。"
綽,0.60,0,3,0,0,0,"暂缺"
惑,0.60,0,3,0,0,0,"亂也。"
潁,0.60,0,3,0,0,0,"顈水。出潁川陽城乾山。東入淮。"
愆,0.60,0,3,0,0,0,"過也。"
參,0.60,0,3,0,0,0,"暂缺"
空,0.60,0,3,0,0,0,"竅也。"
樊,0.60,0,3,0,0,0,"驇不行也。"
諾,0.60,0,3,0,0,0,"𤻮也。"
般,0.60,0,3,0,0,0,"辟也。"
枝,0.60,0,3,0,0,0,"木別生條也。"
褚,0.60,0,3,0,0,0,"卒也。"
饋,0.60,0,3,0,0,0,"餉也。"
著,0.60,0,3,0,0,0,"暂缺"
巡,0.60,0,3,0,0,0,"視行也。"
憚,0.60,0,3,0,0,0,"忌難也。"
庇,0.60,0,3,0,0,0,"蔭也。"
愬,0.60,0,3,0,0,0,"暂缺"
舅,0.60,0,3,0,0,0,"母之兄弟爲舅。"
冑,0.60,0,3,0,0,0,"兜鍪也。"
佞,0.60,0,3,0,0,0,"巧讇高材也。"
識,0.60,0,3,0,0,0,"常也。"
敏,0.60,0,3,0,0,0,"疾也。"
果,0.60,0,3,0,0,0,"木實也。"
烏,0.60,0,3,0,0,0,"孝鳥也。"
縱,0.60,0,3,0,0,0,"緩也。一曰捨也。"
盛,0.60,0,3,0,0,0,"黍稷在器中㠯祀者也。"
肸,0.60,0,3,0,0,0,"肸蠁、"
督,0.59,0,3,0,0,0,"察視也。"
殯,0.59,0,3,0,0,0,"死在棺。將遷葬柩。賔遇之。"
旦,0.59,0,3,0,0,0,"朙也。"
賁,0.59,0,3,0,0,0,"飾也。"
尉,0.59,0,3,0,0,0,"从上按下也。"
芮,0.59,0,3,0,0,0,"芮芮、"
池,0.59,0,3,0,0,0,"陂也。从水。也聲。"
舞,0.59,0,3,0,0,0,"樂也。用足相背。"
攜,0.59,0,3,0,0,0,"提也。"
穿,0.59,0,3,0,0,0,"通也。从牙在穴中。"
諺,0.59,0,3,0,0,0,"傳言也。"
謗,0.59,0,3,0,0,0,"毁也。"
熊,0.59,0,3,0,0,0,"熊獸、佀豕。山凥。"
粟,0.59,0,3,0,0,0,"暂缺"
面,0.59,0,3,0,0,0,"顏前也。"
流,0.59,0,3,0,0,0,"暂缺"
轅,0.59,0,3,0,0,0,"輈也。"
色,0.59,0,3,0,0,0,"顏气也"
墓,0.59,0,3,0,0,0,"丘墓也。"
潛,0.59,0,3,0,0,0,"涉水也。"
灶,0.59,0,3,0,0,0,"暂缺"
基,0.59,0,3,0,0,0,"牆始也。"
笑,0.59,0,3,0,0,0,"暂缺"
振,0.59,0,3,0,0,0,"舉救之也。"
慈,0.59,0,3,0,0,0,"暂缺"
僚,0.59,0,3,0,0,0,"好皃。"
音,0.59,0,3,0,0,0,"聲生於心有節於外謂之音。"
甘,0.59,0,3,0,0,0,"美也。"
角,0.59,0,3,0,0,0,"獸角也。"
尤,0.59,0,3,0,0,0,"異也。从乙。又聲。"
財,0.59,0,3,0,0,0,"人所寶也。"
怠,0.59,0,3,0,0,0,"慢也。从心。台聲。"
半,0.59,0,3,0,0,0,"物中分也。从八牛。牛爲物大。可㠯分也。"
鳴,0.59,0,3,0,0,0,"鳥聲也。"
賢,0.59,0,3,0,0,0,"多財也。"
躒,0.59,0,3,0,0,0,"暂缺"
僭,0.59,0,3,0,0,0,"儗也。"
樹,0.59,0,3,0,0,0,"木生植之緫名也。"
童,0.59,0,3,0,0,0,"男有辠曰奴。奴曰童。女曰妾。"
踐,0.59,0,3,0,0,0,"履也。"
淵,0.59,0,3,0,0,0,"回水也。"
密,0.59,0,3,0,0,0,"山如堂者。"
整,0.59,0,3,0,0,0,"齊也。"
采,0.59,0,3,0,0,0,"捋取也。"
勉,0.59,0,3,0,0,0,"勥也。"
驅,0.59,0,3,0,0,0,"驅馬也。"
鄆,0.59,0,3,0,0,0,"河內沁水鄉。"
懲,0.59,0,3,0,0,0,"㣻也。"
屏,0.59,0,3,0,0,0,"暂缺"
鞏,0.59,0,3,0,0,0,"㠯韋束也。"
艾,0.59,0,3,0,0,0,"仌臺也。"
杜,0.59,0,3,0,0,0,"甘棠也。"
誣,0.59,0,3,0,0,0,"加也。"
邊,0.59,0,3,0,0,0,"暂缺"
渠,0.59,0,3,0,0,0,"水所居也。"
亟,0.59,0,3,0,0,0,"敏疾也。"
冰,0.59,0,3,0,0,0,"水堅也。"
墨,0.59,0,3,0,0,0,"書墨也。"
煩,0.59,0,3,0,0,0,"𤍽頭痛也。"
完,0.59,0,3,0,0,0,"全也。"
薦,0.59,0,3,0,0,0,"獸之所食艸。"
肆,0.59,0,3,0,0,0,"暂缺"
婁,0.59,0,3,0,0,0,"空也。"
閭,0.59,0,3,0,0,0,"里門也。"
夾,0.59,0,3,0,0,0,"持也。"
繁,0.59,0,3,0,0,0,"暂缺"
董,0.59,0,3,0,0,0,"暂缺"
驟,0.59,0,3,0,0,0,"馬疾步也。"
策,0.59,0,3,0,0,0,"馬箠也。"
訪,0.59,0,3,0,0,0,"汎謀曰訪。"
泣,0.59,0,3,0,0,0,"無聲出涕者曰泣。"
棠,0.59,0,3,0,0,0,"牡曰棠。牝曰杜。"
仇,0.59,0,3,0,0,0,"讎也。"
幕,0.59,0,3,0,0,0,"帷在上曰幕。"
巴,0.59,0,3,0,0,0,"蟲也。"
括,0.59,0,3,0,0,0,"絜也。"
交,0.59,0,3,0,0,0,"交脛也。"
姒,0.59,0,3,0,0,0,"暂缺"
渾,0.59,0,3,0,0,0,"溷流聲也。"
糾,0.59,0,3,0,0,0,"繩三合也。"
馳,0.59,0,3,0,0,0,"大驅也。"
絰,0.58,0,3,0,0,0,"喪首戴也。"
補,0.58,0,3,0,0,0,"完衣也。"
郟,0.58,0,3,0,0,0,"潁川縣。"
宥,0.58,0,3,0,0,0,"寬也。"
選,0.58,0,3,0,0,0,"遣也。"
置,0.58,0,3,0,0,0,"赦也。"
察,0.58,0,3,0,0,0,"覆審也。"
禹,0.58,0,3,0,0,0,"蟲也。"
塗,0.58,0,3,0,0,0,"暂缺"
印,0.58,0,3,0,0,0,"執政所持信也。"
遁,0.58,0,3,0,0,0,"遷也。"
乏,0.58,0,3,0,0,0,"春秋傳曰。反正爲乏。"
牆,0.58,0,3,0,0,0,"垣蔽也。"
雩,0.58,0,3,0,0,0,"夏祭樂於赤帝以祈甘雨也。"
予,0.58,0,3,0,0,0,"推予也。"
旃,0.58,0,3,0,0,0,"旗曲柄也。"
竊,0.58,0,3,0,0,0,"暂缺"
井,0.58,0,3,0,0,0,"八家爲一丼。"
休,0.58,0,3,0,0,0,"息止也。"
妹,0.58,0,3,0,0,0,"女弟也。"
墮,0.58,0,3,0,0,0,"暂缺"
習,0.58,0,3,0,0,0,"數飛也。"
芊,0.58,0,3,0,0,0,"暂缺"
軫,0.58,0,3,0,0,0,"車後橫木也。"
烝,0.58,0,3,0,0,0,"火气上行也。"
憾,0.58,0,3,0,0,0,"暂缺"
窮,0.58,0,3,0,0,0,"極也。从穴。躳聲。"
丹,0.58,0,3,0,0,0,"巴越之赤石也。"
逢,0.58,0,3,0,0,0,"遇也。"
宛,0.58,0,3,0,0,0,"屈艸自覆也。"
郕,0.58,0,3,0,0,0,"魯孟氏邑。"
狼,0.58,0,3,0,0,0,"佀犬。銳頭白頰。高歬廣後。"
雞,0.58,0,3,0,0,0,"知時畜也。从隹。奚聲。"
農,0.58,0,3,0,0,0,"暂缺"
回,0.58,0,3,0,0,0,"轉也。"
某,0.58,0,3,0,0,0,"酸果也。"
扈,0.58,0,3,0,0,0,"夏后同姓所封戰於甘者。"
嫁,0.58,0,3,0,0,0,"女適人也。"
衡,0.58,0,3,0,0,0,"牛觸、橫大木。"
慼,0.58,0,3,0,0,0,"暂缺"
伊,0.58,0,3,0,0,0,"殷聖人阿衡也。"
藉,0.58,0,3,0,0,0,"祭藉也。"
肥,0.58,0,3,0,0,0,"多肉也。从肉卪。"
紂,0.58,0,3,0,0,0,"馬緧也。"
集,0.58,0,3,0,0,0,"暂缺"
紓,0.58,0,3,0,0,0,"緩也。"
劫,0.58,0,3,0,0,0,"人欲去㠯力脅止曰劫。"
齒,0.58,0,3,0,0,0,"口齗骨也。"
閔,0.58,0,3,0,0,0,"弔者在門也。"
鄖,0.58,0,3,0,0,0,"漢南之國。"
桃,0.58,0,3,0,0,0,"桃果也。从木。兆聲。"
省,0.58,0,3,0,0,0,"視也。"
考,0.58,0,3,0,0,0,"老也。"
晦,0.58,0,3,0,0,0,"月盡也。"
太,0.58,0,3,0,0,0,"暂缺"
應,0.58,0,3,0,0,0,"當也。"
蟜,0.58,0,3,0,0,0,"蟲也。"
冶,0.58,0,3,0,0,0,"銷也。"
頓,0.58,0,3,0,0,0,"下首也。"
殷,0.58,0,3,0,0,0,"作樂之盛偁殷。"
帑,0.58,0,3,0,0,0,"金幣所藏也。"
翦,0.58,0,3,0,0,0,"羽生也。"
亢,0.58,0,3,0,0,0,"人頸也。"
情,0.58,0,3,0,0,0,"人之侌气有欲者。"
匡,0.58,0,3,0,0,0,"飯器。"
姊,0.58,0,3,0,0,0,"女兄也。"
醫,0.58,0,3,0,0,0,"治病工也。"
黜,0.58,0,3,0,0,0,"貶下也。"
蠱,0.58,0,3,0,0,0,"腹中蟲也。"
錡,0.58,0,3,0,0,0,"鉏䥏也。"
表,0.58,0,3,0,0,0,"暂缺"
夙,0.58,0,3,0,0,0,"暂缺"
拘,0.58,0,3,0,0,0,"止也。从手句。"
菑,0.58,0,3,0,0,0,"暂缺"
趨,0.58,0,3,0,0,0,"走也。"
傳,0.58,0,3,0,0,0,"遽也。"
愈,0.58,0,3,0,0,0,"暂缺"
蓋,0.58,0,3,0,0,0,"暂缺"
陸,0.58,0,3,0,0,0,"高平地。"
每,0.58,0,3,0,0,0,"艸盛上出也。"
縠,0.58,0,3,0,0,0,"細縳也。"
訾,0.58,0,3,0,0,0,"訾訾、"
闔,0.58,0,3,0,0,0,"門扉也。"
鞭,0.58,0,3,0,0,0,"毆也。"
鑄,0.57,0,3,0,0,0,"銷金也。从金。壽聲。"
盂,0.57,0,3,0,0,0,"飮器也。"
苗,0.57,0,3,0,0,0,"艸生於田者。从艸田。"
殽,0.57,0,3,0,0,0,"相襍錯也。"
抽,0.57,0,3,0,0,0,"暂缺"
綏,0.57,0,3,0,0,0,"車中靶也。"
秩,0.57,0,3,0,0,0,"積皃。"
犬,0.57,0,3,0,0,0,"狗之有縣蹏者也。"
驂,0.57,0,3,0,0,0,"駕三馬也。"
海,0.57,0,3,0,0,0,"天池也。"
鐸,0.57,0,3,0,0,0,"大鈴也。"
谷,0.57,0,3,0,0,0,"暂缺"
顏,0.57,0,3,0,0,0,"睂之閒也。"
寺,0.57,0,3,0,0,0,"廷也。"
詰,0.57,0,3,0,0,0,"問也。从言。吉聲。"
別,0.57,0,3,0,0,0,"暂缺"
汭,0.57,0,3,0,0,0,"水相入皃。"
駢,0.57,0,3,0,0,0,"暂缺"
揮,0.57,0,3,0,0,0,"奮也。"
誅,0.57,0,3,0,0,0,"討也。"
裘,0.57,0,3,0,0,0,"皮衣也。从衣。象形。"
鎮,0.57,0,3,0,0,0,"暂缺"
鈞,0.57,0,3,0,0,0,"三十斤也。"
媯,0.57,0,3,0,0,0,"暂缺"
輒,0.57,0,3,0,0,0,"車㒳輢也。"
蕃,0.57,0,3,0,0,0,"艸茂也。"
陘,0.57,0,3,0,0,0,"山絕坎也。"
韋,0.57,0,3,0,0,0,"相背也。"
彤,0.57,0,3,0,0,0,"丹飾也。"
諱,0.57,0,3,0,0,0,"忌也。"
隰,0.57,0,3,0,0,0,"阪下溼也。"
彘,0.57,0,3,0,0,0,"豕也。"
徹,0.57,0,3,0,0,0,"通也。"
茷,0.57,0,3,0,0,0,"艸葉多。"
隘,0.57,0,3,0,0,0,"暂缺"
味,0.57,0,3,0,0,0,"滋味也。"
吁,0.57,0,3,0,0,0,"驚語也。"
俾,0.57,0,3,0,0,0,"益也。"
折,0.57,0,3,0,0,0,"暂缺"
被,0.57,0,3,0,0,0,"𡪢衣。長一身有半。"
倍,0.57,0,3,0,0,0,"反也。"
頹,0.57,0,3,0,0,0,"暂缺"
郛,0.57,0,3,0,0,0,"𩫏也。"
獄,0.57,0,3,0,0,0,"确也。"
桐,0.57,0,3,0,0,0,"榮也。從木。同聲。"
員,0.57,0,3,0,0,0,"物數也。"
陶,0.57,0,3,0,0,0,"再成丘也。在濟陰。"
羞,0.57,0,3,0,0,0,"進獻也。"
冀,0.57,0,3,0,0,0,"北方州也。"
俟,0.57,0,3,0,0,0,"大也。"
腹,0.57,0,3,0,0,0,"厚也。"
肩,0.56,0,3,0,0,0,"暂缺"
允,0.56,0,3,0,0,0,"信也。"
閏,0.56,0,3,0,0,0,"餘分之月。五歲再閏也。"
造,0.56,0,3,0,0,0,"就也。"
媚,0.56,0,3,0,0,0,"說也。"
郯,0.56,0,3,0,0,0,"東海縣。"
戲,0.56,0,3,0,0,0,"三軍之偏也。"
忽,0.56,0,3,0,0,0,"忘也。"
委,0.56,0,3,0,0,0,"委、"
房,0.56,0,3,0,0,0,"室在旁也。"
絞,0.56,0,3,0,0,0,"縊也。"
柏,0.56,0,3,0,0,0,"鞠也。"
竭,0.56,0,3,0,0,0,"負舉也。"
損,0.56,0,3,0,0,0,"減也。"
詹,0.56,0,3,0,0,0,"多言也。"
領,0.56,0,3,0,0,0,"項也。"
楊,0.56,0,3,0,0,0,"蒲桺也。"
冒,0.56,0,3,0,0,0,"冡而前也。"
邯,0.56,0,3,0,0,0,"趙邯鄲縣。"
據,0.56,0,3,0,0,0,"杖持也。"
骨,0.56,0,3,0,0,0,"肉之覈也。"
毒,0.56,0,3,0,0,0,"厚也。"
萇,0.56,0,3,0,0,0,"萇楚、"
祈,0.56,0,3,0,0,0,"求福也。"
環,0.56,0,3,0,0,0,"璧肉好若一謂之環。"
等,0.56,0,3,0,0,0,"齊𥳑也。"
繕,0.56,0,3,0,0,0,"補也。"
晨,0.56,0,3,0,0,0,"暂缺"
爽,0.56,0,3,0,0,0,"明也。"
閻,0.56,0,3,0,0,0,"里中門也。"
匪,0.56,0,3,0,0,0,"器佀竹匧。"
姚,0.56,0,3,0,0,0,"虞舜凥姚虛。因㠯爲姓。"
髮,0.56,0,3,0,0,0,"頭上毛也。"
頡,0.56,0,3,0,0,0,"直項也。"
裨,0.56,0,3,0,0,0,"接也。"
瀆,0.56,0,3,0,0,0,"溝也。"
廩,0.56,0,3,0,0,0,"暂缺"
牙,0.56,0,3,0,0,0,"壯齒也。"
暱,0.56,0,3,0,0,0,"日近也。"
逸,0.56,0,3,0,0,0,"失也。"
荊,0.56,0,3,0,0,0,"暂缺"
鄲,0.56,0,3,0,0,0,"邯鄲也。"
給,0.56,0,3,0,0,0,"相足也。"
繹,0.56,0,3,0,0,0,"㩅絲也。"
輸,0.56,0,3,0,0,0,"委輸也。"
差,0.56,0,3,0,0,0,"貣也。左不相值也。"
錦,0.56,0,3,0,0,0,"襄邑織文也。"
醉,0.56,0,3,0,0,0,"卒也。卒其度量不至於亂也。"
朽,0.56,0,3,0,0,0,"暂缺"
遽,0.56,0,3,0,0,0,"傳也。"
爰,0.56,0,3,0,0,0,"引也。"
剛,0.56,0,3,0,0,0,"彊𣃔也。"
獸,0.56,0,3,0,0,0,"守備者也。"
儆,0.56,0,3,0,0,0,"戒也。"
鬻,0.56,0,3,0,0,0,"䭈也。从䰜米。"
矯,0.55,0,3,0,0,0,"揉箭箝也。"
邦,0.55,0,3,0,0,0,"國也。"
遄,0.55,0,3,0,0,0,"往來數也。"
裳,0.55,0,3,0,0,0,"暂缺"
曠,0.55,0,3,0,0,0,"朙也。"
侮,0.55,0,3,0,0,0,"㑥也。"
暇,0.55,0,3,0,0,0,"閒也。"
悛,0.55,0,3,0,0,0,"止也。"
就,0.55,0,3,0,0,0,"就、"
隗,0.55,0,3,0,0,0,"陮隗也。从𨸏。鬼聲。"
胙,0.55,0,3,0,0,0,"祭福肉也。"
優,0.55,0,3,0,0,0,"饒也。"
阻,0.55,0,3,0,0,0,"險也。从𨸏。且聲。"
屨,0.55,0,3,0,0,0,"𡳐也。"
裔,0.55,0,3,0,0,0,"衣裙也。"
狃,0.55,0,3,0,0,0,"犬性忕也。"
邪,0.55,0,3,0,0,0,"琅邪郡也。"
羔,0.55,0,3,0,0,0,"羊子也。"
弦,0.55,0,3,0,0,0,"弓弦也。"
恆,0.55,0,3,0,0,0,"常也。"
庫,0.55,0,3,0,0,0,"兵車臧也。"
殪,0.55,0,3,0,0,0,"死也。"
軌,0.55,0,3,0,0,0,"車徹也。"
邴,0.55,0,3,0,0,0,"宋下邑。"
湫,0.55,0,3,0,0,0,"隘下也。"
遣,0.55,0,3,0,0,0,"縱也。"
葛,0.55,0,3,0,0,0,"絺綌艸也。"
放,0.55,0,3,0,0,0,"逐也。从攴。方聲。"
推,0.55,0,3,0,0,0,"排也。"
陪,0.55,0,3,0,0,0,"重土也。"
缺,0.55,0,3,0,0,0,"器破也。"
訟,0.55,0,3,0,0,0,"爭也。"
謝,0.55,0,3,0,0,0,"辤去也。"
念,0.55,0,3,0,0,0,"常思也。"
揖,0.55,0,3,0,0,0,"攘也。"
傲,0.55,0,3,0,0,0,"倨也。"
衍,0.55,0,3,0,0,0,"水朝宗于海皃也。"
詛,0.55,0,3,0,0,0,"詶也。从言。且聲。"
佩,0.55,0,3,0,0,0,"大帶佩也。"
沙,0.55,0,3,0,0,0,"水𢿱石也。"
頃,0.55,0,3,0,0,0,"頭不正也。"
嚭,0.55,0,3,0,0,0,"大也。从喜。否聲。"
淮,0.55,0,3,0,0,0,"淮水。出南陽平氏桐柏大復山。東南入海。"
邲,0.55,0,3,0,0,0,"晉邑也。"
琴,0.55,0,3,0,0,0,"禁也。"
斯,0.55,0,3,0,0,0,"析也。"
殆,0.55,0,3,0,0,0,"危也。"
鬷,0.55,0,3,0,0,0,"鬴屬。"
肅,0.55,0,3,0,0,0,"持事振敬也。"
履,0.55,0,3,0,0,0,"足所依也。"
蘭,0.55,0,3,0,0,0,"香艸也。"
儉,0.54,0,3,0,0,0,"約也。"
妖,0.54,0,3,0,0,0,"暂缺"
夭,0.54,0,3,0,0,0,"屈也。从大。象形。"
柳,0.54,0,3,0,0,0,"暂缺"
尨,0.54,0,3,0,0,0,"犬之多毛者。"
積,0.54,0,3,0,0,0,"聚也。"
索,0.54,0,3,0,0,0,"艸有莖葉可作繩索。"
兼,0.54,0,3,0,0,0,"幷也。"
昆,0.54,0,3,0,0,0,"同也。"
雒,0.54,0,3,0,0,0,"忌欺也。"
嫳,0.54,0,3,0,0,0,"易使怒也。"
顛,0.54,0,3,0,0,0,"暂缺"
延,0.54,0,3,0,0,0,"長行也。"
落,0.54,0,3,0,0,0,"凡艸曰零。木曰落。"
匱,0.54,0,3,0,0,0,"匣也。"
聃,0.54,0,3,0,0,0,"暂缺"
奢,0.54,0,3,0,0,0,"張也。"
羿,0.54,0,3,0,0,0,"暂缺"
弭,0.54,0,3,0,0,0,"弓無緣可㠯解𦆕紛者。"
仕,0.54,0,3,0,0,0,"學也。"
突,0.54,0,3,0,0,0,"犬從穴中暫出也。"
亳,0.54,0,3,0,0,0,"京兆杜陵亭也。"
惰,0.54,0,3,0,0,0,"暂缺"
校,0.54,0,3,0,0,0,"木囚也。"
縶,0.54,0,3,0,0,0,"暂缺"
買,0.54,0,3,0,0,0,"市也。"
連,0.54,0,3,0,0,0,"負車也。"
留,0.54,0,3,0,0,0,"暂缺"
豕,0.54,0,3,0,0,0,"彘也。"
臾,0.54,0,3,0,0,0,"束縛捽抴爲臾曳。"
犧,0.54,0,3,0,0,0,"宗廟之牲也。"
苦,0.54,0,3,0,0,0,"大苦、"
麻,0.54,0,3,0,0,0,"枲也。"
曼,0.54,0,3,0,0,0,"引也。"
憖,0.54,0,3,0,0,0,"肎也。"
攸,0.54,0,3,0,0,0,"行水也。"
講,0.54,0,3,0,0,0,"和解也。"
諜,0.54,0,3,0,0,0,"軍中反閒也。"
堅,0.54,0,3,0,0,0,"土剛也。"
雅,0.54,0,3,0,0,0,"楚烏也。一名鸒。一名卑居。秦謂之雅。"
梓,0.54,0,3,0,0,0,"楸也。從木。宰省聲。"
禘,0.54,0,3,0,0,0,"諦祭也。"
旆,0.54,0,3,0,0,0,"繼旐之旗也。"
辨,0.54,0,3,0,0,0,"暂缺"
血,0.54,0,3,0,0,0,"祭所薦牲血也。"
汝,0.54,0,3,0,0,0,"汝水。出弘農盧氏還歸山。東入淮。"
玄,0.54,0,3,0,0,0,"幽遠也。"
字,0.54,0,3,0,0,0,"乳也。"
步,0.54,0,3,0,0,0,"行也。"
壘,0.54,0,3,0,0,0,"軍壁也。"
麥,0.54,0,3,0,0,0,"芒穀。"
綿,0.54,0,3,0,0,0,"暂缺"
贊,0.54,0,3,0,0,0,"見也。"
腆,0.54,0,3,0,0,0,"設膳腆腆多也。"
遲,0.54,0,3,0,0,0,"徐行也。"
汏,0.54,0,3,0,0,0,"淅㵎也。"
舜,0.54,0,3,0,0,0,"䑞艸也。楚謂之葍。秦謂之藑。"
昧,0.54,0,3,0,0,0,"昧爽、"
似,0.54,0,3,0,0,0,"暂缺"
甸,0.54,0,3,0,0,0,"天子五百里內田。"
濫,0.54,0,3,0,0,0,"氾也。"
箴,0.54,0,3,0,0,0,"綴衣箴也。"
蔓,0.54,0,3,0,0,0,"葛屬也。"
貙,0.53,0,3,0,0,0,"貙獌、似貍。"
顓,0.53,0,3,0,0,0,"頭顓顓謹皃。"
蟲,0.53,0,3,0,0,0,"有足謂之蟲。無足謂之豸。"
洮,0.53,0,3,0,0,0,"洮水。出隴西臨洮。東北入河。"
奮,0.53,0,3,0,0,0,"翬也。"
耆,0.53,0,3,0,0,0,"老也。"
蓼,0.53,0,3,0,0,0,"辛菜。"
蛇,0.53,0,3,0,0,0,"暂缺"
青,0.53,0,3,0,0,0,"暂缺"
旋,0.53,0,3,0,0,0,"周旋、"
垂,0.53,0,3,0,0,0,"遠邊也。"
堵,0.53,0,3,0,0,0,"垣也。"
露,0.53,0,3,0,0,0,"潤澤也。"
嚚,0.53,0,3,0,0,0,"語聲也。"
氾,0.53,0,3,0,0,0,"濫也。"
娣,0.53,0,3,0,0,0,"同夫之女弟也。"
畀,0.53,0,3,0,0,0,"相付与之約在閣上也。"
糧,0.53,0,3,0,0,0,"穀食也。"
閽,0.53,0,3,0,0,0,"常㠯昏𨳲門隸也。"
飾,0.53,0,3,0,0,0,"㕞也。"
屋,0.53,0,3,0,0,0,"凥也。"
翩,0.53,0,3,0,0,0,"疾飛也。"
拒,0.53,0,3,0,0,0,"暂缺"
糴,0.53,0,3,0,0,0,"？榖也。从入䊮。"
誦,0.53,0,3,0,0,0,"諷也。从言。甬聲。"
奄,0.53,0,3,0,0,0,"覆也。大有餘也。"
焦,0.53,0,3,0,0,0,"暂缺"
汶,0.53,0,3,0,0,0,"汶水。出琅邪朱虚東泰山。東入濰"
庀,0.53,0,3,0,0,0,"暂缺"
咺,0.53,0,3,0,0,0,"朝鮮謂兒泣不止曰咺。"
藩,0.53,0,3,0,0,0,"屛也。"
顯,0.53,0,3,0,0,0,"頭朙飾也。"
傾,0.53,0,3,0,0,0,"仄也。"
譬,0.53,0,3,0,0,0,"諭也。"
潞,0.53,0,3,0,0,0,"冀州浸也。"
依,0.53,0,3,0,0,0,"倚也。从人。衣聲。"
規,0.53,0,3,0,0,0,"規巨、有灋度也。"
羹,0.53,0,3,0,0,0,"暂缺"
駒,0.53,0,3,0,0,0,"馬二歲曰駒。三歲曰駣。"
階,0.53,0,3,0,0,0,"陛也。"
縛,0.53,0,3,0,0,0,"束也。"
候,0.53,0,3,0,0,0,"暂缺"
譟,0.53,0,3,0,0,0,"擾也。"
偕,0.53,0,3,0,0,0,"彊也。"
閱,0.53,0,3,0,0,0,"具數於門中也。"
贈,0.53,0,3,0,0,0,"玩好相送也。"
律,0.53,0,3,0,0,0,"均布也。"
慢,0.53,0,3,0,0,0,"憜也。从心。曼聲。"
蠆,0.53,0,3,0,0,0,"暂缺"
阜,0.53,0,3,0,0,0,"暂缺"
融,0.53,0,3,0,0,0,"炊气上出也。"
包,0.53,0,3,0,0,0,"妊也。"
溝,0.53,0,3,0,0,0,"水瀆也。"
僂,0.53,0,3,0,0,0,"厄也。"
皞,0.53,0,3,0,0,0,"暂缺"
純,0.53,0,3,0,0,0,"絲也。"
竇,0.53,0,3,0,0,0,"空也。"
駘,0.53,0,3,0,0,0,"馬銜脫也。"
指,0.53,0,3,0,0,0,"手指也。"
菟,0.53,0,3,0,0,0,"暂缺"
戶,0.53,0,3,0,0,0,"護也。"
衢,0.53,0,3,0,0,0,"四達謂之衢。"
偷,0.53,0,3,0,0,0,"暂缺"
牽,0.53,0,3,0,0,0,"引而前也。"
堂,0.53,0,3,0,0,0,"殿也。"
區,0.53,0,3,0,0,0,"踦區、"
霄,0.53,0,3,0,0,0,"雨霰爲霄。"
貫,0.53,0,3,0,0,0,"錢貝之毌也。"
佚,0.53,0,3,0,0,0,"佚民也。"
昌,0.53,0,3,0,0,0,"美言也。"
祧,0.53,0,3,0,0,0,"暂缺"
性,0.53,0,3,0,0,0,"人之昜气性。"
餼,0.53,0,3,0,0,0,"暂缺"
淹,0.53,0,3,0,0,0,"淹水。出越雟徼外。東入若水。"
替,0.52,0,3,0,0,0,"暂缺"
袒,0.52,0,3,0,0,0,"衣縫解也。"
矜,0.52,0,3,0,0,0,"暂缺"
匠,0.52,0,3,0,0,0,"木工也。"
藝,0.52,0,3,0,0,0,"暂缺"
頑,0.52,0,3,0,0,0,"㮯頭也。"
谿,0.52,0,3,0,0,0,"山𨽍無所通者。"
怙,0.52,0,3,0,0,0,"恃也。"
敦,0.52,0,3,0,0,0,"怒也。詆也。一曰誰何也。"
壇,0.52,0,3,0,0,0,"祭壇場也。"
謁,0.52,0,3,0,0,0,"白也。"
扞,0.52,0,3,0,0,0,"忮也。"
卦,0.52,0,3,0,0,0,"所㠯簭也。"
卞,0.52,0,3,0,0,0,"暂缺"
廖,0.52,0,3,0,0,0,"暂缺"
軒,0.52,0,3,0,0,0,"曲輈藩車也。"
繇,0.52,0,3,0,0,0,"暂缺"
奇,0.52,0,3,0,0,0,"異也。"
肯,0.52,0,3,0,0,0,"暂缺"
鱄,0.52,0,3,0,0,0,"鱄魚也。"
壺,0.52,0,3,0,0,0,"昆吾圜器也。"
銘,0.52,0,3,0,0,0,"暂缺"
祗,0.52,0,3,0,0,0,"敬也。"
鄄,0.52,0,3,0,0,0,"衞地。"
拳,0.52,0,3,0,0,0,"手也。"
莘,0.52,0,3,0,0,0,"暂缺"
郜,0.52,0,3,0,0,0,"周文王子所封國。"
末,0.52,0,3,0,0,0,"木上曰末。從木。從丄。"
遍,0.52,0,3,0,0,0,"暂缺"
汾,0.52,0,3,0,0,0,"汾水。出大原晉陽山。西南入河。"
程,0.52,0,3,0,0,0,"程品也。"
倦,0.52,0,3,0,0,0,"罷也。"
責,0.52,0,3,0,0,0,"求也。"
式,0.52,0,3,0,0,0,"法也。"
渝,0.52,0,3,0,0,0,"變污也。"
堯,0.52,0,3,0,0,0,"高也。"
鵒,0.52,0,3,0,0,0,"鴝鵒也。从鳥。谷聲。"
貸,0.52,0,3,0,0,0,"施也。"
豆,0.52,0,3,0,0,0,"古食肉器也。"
飛,0.52,0,3,0,0,0,"鳥翥也。"
忿,0.52,0,3,0,0,0,"悁也。"
亞,0.52,0,3,0,0,0,"醜也。"
慮,0.52,0,3,0,0,0,"謀思也。"
魄,0.52,0,3,0,0,0,"陰神也。"
冕,0.52,0,3,0,0,0,"大夫㠯上冠也。"
狎,0.52,0,3,0,0,0,"犬可習也。"
引,0.52,0,3,0,0,0,"開弓也。"
朋,0.52,0,3,0,0,0,"暂缺"
雲,0.52,0,3,0,0,0,"山川气也。"
丈,0.52,0,3,0,0,0,"十尺也。从又持十。"
頌,0.52,0,3,0,0,0,"皃也。"
愎,0.52,0,3,0,0,0,"暂缺"
壯,0.52,0,3,0,0,0,"大也。"
虺,0.52,0,3,0,0,0,"㠯注鳴者。"
帷,0.52,0,3,0,0,0,"在旁曰帷。"
犒,0.52,0,3,0,0,0,"暂缺"
陷,0.52,0,3,0,0,0,"高下也。"
莽,0.52,0,3,0,0,0,"南昌謂犬善逐兔艸中爲莽。从犬茻。"
郎,0.52,0,3,0,0,0,"魯亭也。"
儕,0.52,0,3,0,0,0,"等輩也。"
狡,0.52,0,3,0,0,0,"少犬也。"
踊,0.52,0,3,0,0,0,"跳也。"
澆,0.52,0,3,0,0,0,"𣵽也。"
頗,0.52,0,3,0,0,0,"頭偏也。"
底,0.52,0,3,0,0,0,"山凥也。"
歂,0.52,0,3,0,0,0,"口气引也。"
悉,0.52,0,3,0,0,0,"詳盡也。从心釆。"
搏,0.52,0,3,0,0,0,"𡩡持也。"
雄,0.52,0,3,0,0,0,"鳥父也。从隹。厷聲。"
殤,0.52,0,3,0,0,0,"不成人也。"
幽,0.52,0,3,0,0,0,"隱也。"
戢,0.52,0,3,0,0,0,"臧兵也。"
蜀,0.50,0,3,0,0,0,"葵中蠶也。"
堇,0.50,0,3,0,0,0,"黏土也。"
鴻,0.50,0,3,0,0,0,"鴻、"
概,0.50,0,3,0,0,0,"暂缺"
壅,0.50,0,3,0,0,0,"暂缺"
澨,0.50,0,3,0,0,0,"埤增水邊土、人所止者。"
栗,0.50,0,3,0,0,0,"暂缺"
銳,0.50,0,3,0,0,0,"芒也。"
禱,0.50,0,3,0,0,0,"吿事求福也。"
冥,0.50,0,3,0,0,0,"窈也。"
瞞,0.50,0,3,0,0,0,"暂缺"
郳,0.50,0,3,0,0,0,"齊地。从邑。兒聲。"
駭,0.50,0,3,0,0,0,"驚也。从馬。亥聲。"
棣,0.50,0,3,0,0,0,"白棣也。"
蚡,0.50,0,3,0,0,0,"暂缺"
鴝,0.50,0,3,0,0,0,"鴝鵒也。"
緡,0.50,0,3,0,0,0,"暂缺"
曾,0.50,0,3,0,0,0,"䛐之舒也。"
權,0.50,0,3,0,0,0,"黃蕐木。"
膳,0.50,0,3,0,0,0,"具食也。"
芻,0.50,0,3,0,0,0,"刈艸也。"
虧,0.50,0,3,0,0,0,"气損也。"
姞,0.50,0,3,0,0,0,"黃帝之後伯䱔姓也。"
唁,0.50,0,3,0,0,0,"弔生也。"
殛,0.50,0,3,0,0,0,"殊也。"
囿,0.50,0,3,0,0,0,"苑有垣也。"
增,0.50,0,3,0,0,0,"益也。"
咨,0.50,0,3,0,0,0,"謀事曰咨。"
麋,0.50,0,3,0,0,0,"鹿屬。从鹿。米聲。"
誨,0.50,0,3,0,0,0,"曉教也。"
掠,0.50,0,3,0,0,0,"暂缺"
蓐,0.50,0,3,0,0,0,"陳艸復生也。从艸。辱聲。"
抶,0.50,0,3,0,0,0,"笞擊也。"
祇,0.50,0,3,0,0,0,"地祇提出萬物者也。"
照,0.50,0,3,0,0,0,"朙也。"
驚,0.50,0,3,0,0,0,"馬駭也。"
葵,0.50,0,3,0,0,0,"菜也。"
覺,0.50,0,3,0,0,0,"悟也。"
阪,0.50,0,3,0,0,0,"坡者曰阪。"
潦,0.50,0,3,0,0,0,"雨水也。"
輯,0.50,0,3,0,0,0,"車輿也。"
配,0.50,0,3,0,0,0,"酒色也。"
咸,0.50,0,3,0,0,0,"皆也。悉也。"
歜,0.50,0,3,0,0,0,"盛气怒也。"
禳,0.50,0,3,0,0,0,"磔禳、"
仰,0.50,0,3,0,0,0,"舉也。"
',0.50,0,3,0,0,0,"暂缺"
鄅,0.50,0,3,0,0,0,"妘姓之國。"
瓦,0.50,0,3,0,0,0,"土器巳燒之總名。"
蔽,0.50,0,3,0,0,0,"蔽蔽、"
瑤,0.50,0,3,0,0,0,"石之美者。"
隤,0.50,0,3,0,0,0,"下隊也。"
短,0.50,0,3,0,0,0,"有所長短。㠯矢爲正。从矢。"
亨,0.50,0,3,0,0,0,"暂缺"
楯,0.50,0,3,0,0,0,"闌檻也。"
斟,0.50,0,3,0,0,0,"勺也。"
幹,0.50,0,3,0,0,0,"暂缺"
騁,0.50,0,3,0,0,0,"直馳也。"
苑,0.50,0,3,0,0,0,"所㠯養禽獸。"
瑗,0.50,0,3,0,0,0,"大孔璧。"
蹇,0.50,0,3,0,0,0,"𤿑也。"
羯,0.50,0,3,0,0,0,"羊羖犗也。"
狗,0.50,0,3,0,0,0,"孔子曰。狗、叩也。叩气吠㠯守。"
談,0.50,0,3,0,0,0,"語也。"
婼,0.50,0,3,0,0,0,"不順也。"
繻,0.50,0,3,0,0,0,"繒采色也。"
津,0.50,0,3,0,0,0,"水渡也。"
訴,0.50,0,3,0,0,0,"告也。从言。㡿聲。"
札,0.50,0,3,0,0,0,"牒也。"
萃,0.50,0,3,0,0,0,"艸皃。"
幄,0.50,0,3,0,0,0,"暂缺"
廄,0.50,0,3,0,0,0,"暂缺"
逮,0.50,0,3,0,0,0,"唐逮、"
廚,0.50,0,3,0,0,0,"庖室也。"
酆,0.50,0,3,0,0,0,"周文王所都。"
端,0.50,0,3,0,0,0,"直也。"
辜,0.50,0,3,0,0,0,"辠也。"
躬,0.50,0,3,0,0,0,"暂缺"
麗,0.50,0,3,0,0,0,"旅行也。"
悝,0.50,0,3,0,0,0,"啁也。"
諂,0.50,0,3,0,0,0,"暂缺"
驪,0.50,0,3,0,0,0,"馬深黑色。"
宅,0.50,0,3,0,0,0,"人所託凥也。"
跪,0.50,0,3,0,0,0,"拜也。"
約,0.50,0,3,0,0,0,"纏束也。"
詐,0.50,0,3,0,0,0,"欺也。从言。𠆦聲。"
瓜,0.50,0,3,0,0,0,"蓏也。"
資,0.48,0,3,0,0,0,"貨也。"
醜,0.48,0,3,0,0,0,"可惡也。"
荒,0.48,0,3,0,0,0,"蕪也。"
屯,0.48,0,3,0,0,0,"難也。屯"
鶉,0.48,0,3,0,0,0,"暂缺"
雹,0.48,0,3,0,0,0,"雨仌也。"
霍,0.48,0,3,0,0,0,"暂缺"
蘧,0.48,0,3,0,0,0,"蘧麥也。"
譚,0.48,0,3,0,0,0,"暂缺"
汰,0.48,0,3,0,0,0,"暂缺"
肄,0.48,0,3,0,0,0,"暂缺"
號,0.48,0,3,0,0,0,"嘑也。"
疇,0.48,0,3,0,0,0,"耕治之田也。"
晝,0.48,0,3,0,0,0,"日之出入。與夜爲介。从畫省。从日。"
款,0.48,0,3,0,0,0,"意有所欲也。"
黍,0.48,0,3,0,0,0,"禾屬而黏者也。"
臼,0.48,0,3,0,0,0,"舂臼也。"
鄾,0.48,0,3,0,0,0,"鄧國地也。"
警,0.48,0,3,0,0,0,"言之戒也。"
梗,0.48,0,3,0,0,0,"山枌榆、有朿。"
夔,0.48,0,3,0,0,0,"卽魖也。"
細,0.48,0,3,0,0,0,"𣁋也。"
壤,0.48,0,3,0,0,0,"柔土也。"
恕,0.48,0,3,0,0,0,"仁也。"
泯,0.48,0,3,0,0,0,"暂缺"
貌,0.48,0,3,0,0,0,"暂缺"
釜,0.48,0,3,0,0,0,"暂缺"
薪,0.48,0,3,0,0,0,"蕘也。从艸。新聲。"
棺,0.48,0,3,0,0,0,"關也。"
襚,0.48,0,3,0,0,0,"衣死人也。"
殉,0.48,0,3,0,0,0,"暂缺"
濤,0.48,0,3,0,0,0,"暂缺"
讙,0.48,0,3,0,0,0,"譁也。从言。雚聲。"
歆,0.48,0,3,0,0,0,"神食气也。"
祚,0.48,0,3,0,0,0,"暂缺"
贛,0.48,0,3,0,0,0,"暂缺"
聵,0.48,0,3,0,0,0,"聾也。"
根,0.48,0,3,0,0,0,"木株也。從木。㫐聲。"
埋,0.48,0,3,0,0,0,"暂缺"
闞,0.48,0,3,0,0,0,"望也。"
枕,0.48,0,3,0,0,0,"臥所㠯薦首者。"
櫬,0.48,0,3,0,0,0,"棺也。"
閼,0.48,0,3,0,0,0,"遮𢹬也。"
沂,0.48,0,3,0,0,0,"沂水。出東海費東。西入泗。"
育,0.48,0,3,0,0,0,"養子使作善也。"
奏,0.48,0,3,0,0,0,"奏、"
皁,0.48,0,3,0,0,0,"暂缺"
匿,0.48,0,3,0,0,0,"亡也。"
棼,0.48,0,3,0,0,0,"複屋棟也。"
掌,0.48,0,3,0,0,0,"手中也。"
瓊,0.48,0,3,0,0,0,"亦玉也。"
陴,0.48,0,3,0,0,0,"城上女牆。俾倪也。"
隆,0.48,0,3,0,0,0,"暂缺"
素,0.48,0,3,0,0,0,"白致繒也。"
頊,0.48,0,3,0,0,0,"頭頊頊謹皃。"
移,0.48,0,3,0,0,0,"禾相倚移也。"
旬,0.48,0,3,0,0,0,"徧也。"
遭,0.48,0,3,0,0,0,"遇也。"
餒,0.48,0,3,0,0,0,"飢也。从食。妥聲。"
稅,0.48,0,3,0,0,0,"租也。从禾。兌聲。"
儋,0.48,0,3,0,0,0,"何也。"
殄,0.48,0,3,0,0,0,"盡也。"
席,0.48,0,3,0,0,0,"藉也。"
湯,0.48,0,3,0,0,0,"𤍽水也。从水。昜聲。"
粢,0.48,0,3,0,0,0,"暂缺"
馘,0.48,0,3,0,0,0,"暂缺"
讟,0.48,0,3,0,0,0,"痛怨也。"
疑,0.48,0,3,0,0,0,"惑也。"
烈,0.48,0,3,0,0,0,"火猛也。"
牡,0.48,0,3,0,0,0,"畜父也。从牛。土聲。"
狂,0.48,0,3,0,0,0,"狾犬也。"
濱,0.48,0,3,0,0,0,"暂缺"
鐘,0.48,0,3,0,0,0,"樂鐘也。"
荐,0.48,0,3,0,0,0,"薦席也。"
鄩,0.48,0,3,0,0,0,"周邑也。"
兢,0.48,0,3,0,0,0,"暂缺"
豺,0.48,0,3,0,0,0,"狼屬。狗聲。"
杖,0.48,0,3,0,0,0,"持也。"
詢,0.48,0,3,0,0,0,"暂缺"
齮,0.48,0,3,0,0,0,"齧也。"
燭,0.48,0,3,0,0,0,"庭燎、大燭也。"
囂,0.48,0,3,0,0,0,"聲也。"
束,0.48,0,3,0,0,0,"縛也。"
劌,0.48,0,3,0,0,0,"利傷也。"
轡,0.48,0,3,0,0,0,"暂缺"
愷,0.48,0,3,0,0,0,"樂也。"
鈹,0.48,0,3,0,0,0,"大鍼也。"
髡,0.48,0,3,0,0,0,"𩮜髮也。"
鞮,0.48,0,3,0,0,0,"革𡳐也。"
疏,0.48,0,3,0,0,0,"通也。"
欺,0.48,0,3,0,0,0,"詐也。"
特,0.48,0,3,0,0,0,"特牛也。"
祊,0.48,0,3,0,0,0,"暂缺"
億,0.48,0,3,0,0,0,"安也。"
荅,0.48,0,3,0,0,0,"小尗也。"
睽,0.48,0,3,0,0,0,"目不相聽也。"
醴,0.48,0,3,0,0,0,"酒一宿孰也。"
狩,0.48,0,3,0,0,0,"火田也。"
輦,0.48,0,3,0,0,0,"輓車也。"
趯,0.48,0,3,0,0,0,"躍也。"
婉,0.48,0,3,0,0,0,"順也。"
憎,0.48,0,3,0,0,0,"惡也。从心。曾聲。"
詒,0.48,0,3,0,0,0,"相欺詒也。"
彝,0.48,0,3,0,0,0,"宗廟常器也。"
橐,0.48,0,3,0,0,0,"囊也。"
纍,0.48,0,3,0,0,0,"綴得理也。"
脤,0.45,0,3,0,0,0,"暂缺"
升,0.45,0,3,0,0,0,"十合也。"
覿,0.45,0,3,0,0,0,"暂缺"
巾,0.45,0,3,0,0,0,"佩巾也。"
玦,0.45,0,3,0,0,0,"玉佩也。"
鄀,0.45,0,3,0,0,0,"暂缺"
慧,0.45,0,3,0,0,0,"儇也。"
鹽,0.45,0,3,0,0,0,"鹵也。天生曰鹵。人生曰鹽。"
戟,0.45,0,3,0,0,0,"暂缺"
仍,0.45,0,3,0,0,0,"因也。"
黎,0.45,0,3,0,0,0,"履黏也。"
趾,0.45,0,3,0,0,0,"暂缺"
場,0.45,0,3,0,0,0,"祭神道也。"
含,0.45,0,3,0,0,0,"嗛也。从口。今聲。"
喦,0.45,0,3,0,0,0,"多言也。"
馹,0.45,0,3,0,0,0,"傳也。"
赫,0.45,0,3,0,0,0,"大赤皃。"
浞,0.45,0,3,0,0,0,"小濡皃也。"
澶,0.45,0,3,0,0,0,"澶淵水也。"
堙,0.45,0,3,0,0,0,"暂缺"
泰,0.45,0,3,0,0,0,"滑也。"
黔,0.45,0,3,0,0,0,"黎也。"
蜂,0.45,0,3,0,0,0,"暂缺"
婿,0.45,0,3,0,0,0,"暂缺"
裹,0.45,0,3,0,0,0,"纏也。"
鄔,0.45,0,3,0,0,0,"大原縣。"
罔,0.45,0,3,0,0,0,"暂缺"
續,0.45,0,3,0,0,0,"連也。"
飢,0.45,0,3,0,0,0,"餓也。"
畝,0.45,0,3,0,0,0,"暂缺"
媵,0.45,0,3,0,0,0,"暂缺"
纓,0.45,0,3,0,0,0,"冠系也。"
注,0.45,0,3,0,0,0,"灌也。"
卷,0.45,0,3,0,0,0,"厀曲也。"
謚,0.45,0,3,0,0,0,"行之迹也。"
爇,0.45,0,3,0,0,0,"燒也。从火。蓺聲。"
持,0.45,0,3,0,0,0,"握也。从手。寺聲。"
儒,0.45,0,3,0,0,0,"柔也。"
摯,0.45,0,3,0,0,0,"握持也。"
理,0.45,0,3,0,0,0,"治玉也。"
哲,0.45,0,3,0,0,0,"知也。"
杏,0.45,0,3,0,0,0,"杏果也。"
豢,0.45,0,3,0,0,0,"㠯穀圏養豕也。"
溺,0.45,0,3,0,0,0,"溺水。自張掖刪丹西至酒泉合黎。餘波入于流沙。"
蓄,0.45,0,3,0,0,0,"積也。从艸。畜聲。"
冢,0.45,0,3,0,0,0,"高墳也。"
鞍,0.45,0,3,0,0,0,"暂缺"
披,0.45,0,3,0,0,0,"從旁持曰披。"
梧,0.45,0,3,0,0,0,"梧桐木。"
鍚,0.45,0,3,0,0,0,"暂缺"
李,0.45,0,3,0,0,0,"李果也。从木。子聲。"
淳,0.45,0,3,0,0,0,"淥也。"
酬,0.45,0,3,0,0,0,"暂缺"
鴈,0.45,0,3,0,0,0,"䳘也。"
恪,0.45,0,3,0,0,0,"暂缺"
湛,0.45,0,3,0,0,0,"𣳚也。"
顆,0.45,0,3,0,0,0,"小頭也。"
卓,0.45,0,3,0,0,0,"暂缺"
郇,0.45,0,3,0,0,0,"周文王子所封國。"
幅,0.45,0,3,0,0,0,"布帛廣也。"
俞,0.45,0,3,0,0,0,"空中木爲舟也。"
拔,0.45,0,3,0,0,0,"擢也。从手。犮聲。"
逵,0.45,0,3,0,0,0,"暂缺"
毅,0.45,0,3,0,0,0,"妄怒也。"
殃,0.45,0,3,0,0,0,"凶也。"
桀,0.45,0,3,0,0,0,"磔也。"
輅,0.45,0,3,0,0,0,"車軨歬橫木也。"
瘠,0.45,0,3,0,0,0,"暂缺"
刖,0.45,0,3,0,0,0,"絕也。"
絲,0.45,0,3,0,0,0,"蠶所吐也。"
閎,0.45,0,3,0,0,0,"䢽門也。"
醢,0.45,0,3,0,0,0,"肉𤖕也。"
弧,0.45,0,3,0,0,0,"木弓也。"
錫,0.45,0,3,0,0,0,"銀鉛之閒也。"
耏,0.45,0,3,0,0,0,"罪不至髡也。"
痛,0.45,0,3,0,0,0,"病也。从𤕫。甬聲。"
犀,0.45,0,3,0,0,0,"徼外牛。"
酋,0.45,0,3,0,0,0,"繹酒也。"
迋,0.45,0,3,0,0,0,"往也。"
瓘,0.45,0,3,0,0,0,"玉也。"
篤,0.45,0,3,0,0,0,"馬行頓遟也。"
種,0.45,0,3,0,0,0,"先穜後孰也。"
謳,0.45,0,3,0,0,0,"齊歌也。"
借,0.45,0,3,0,0,0,"假也。从人。昔聲。"
泠,0.45,0,3,0,0,0,"泠水。出丹陽宛陵。西北入江。"
床,0.45,0,3,0,0,0,"暂缺"
篳,0.45,0,3,0,0,0,"藩落也。"
監,0.45,0,3,0,0,0,"臨下也。"
酖,0.45,0,3,0,0,0,"樂酒也。"
瞫,0.45,0,3,0,0,0,"㴱視也。"
惎,0.45,0,3,0,0,0,"毒也。"
虒,0.45,0,3,0,0,0,"委虒、"
屠,0.45,0,3,0,0,0,"刳也。"
柯,0.45,0,3,0,0,0,"斧柄也。"
懦,0.45,0,3,0,0,0,"暂缺"
菅,0.45,0,3,0,0,0,"茅也。"
雉,0.45,0,3,0,0,0,"有十四穜。"
檟,0.45,0,3,0,0,0,"楸也。"
藥,0.45,0,3,0,0,0,"治病艸。"
禜,0.45,0,3,0,0,0,"設緜蕝爲營。㠯禳風雨雪霜水旱厲疫于日月星辰山川也。"
埸,0.45,0,3,0,0,0,"暂缺"
鱗,0.45,0,3,0,0,0,"魚甲也。"
竄,0.45,0,3,0,0,0,"匿也。"
循,0.45,0,3,0,0,0,"行也。"
贄,0.45,0,3,0,0,0,"暂缺"
雷,0.45,0,3,0,0,0,"暂缺"
肘,0.45,0,3,0,0,0,"臂節也。"
恢,0.45,0,3,0,0,0,"大也。从心。灰聲。"
獎,0.45,0,3,0,0,0,"暂缺"
雋,0.45,0,3,0,0,0,"鳥肥也。"
浮,0.45,0,3,0,0,0,"汎也。"
陋,0.45,0,3,0,0,0,"暂缺"
祉,0.45,0,3,0,0,0,"福也。"
試,0.45,0,3,0,0,0,"用也。从言。式聲。"
裂,0.45,0,3,0,0,0,"繒餘也。"
邧,0.45,0,3,0,0,0,"鄭邑也。"
祔,0.45,0,3,0,0,0,"後死者合食於先祖。"
沮,0.45,0,3,0,0,0,"沮水。出漢中房陵。東入江。"
魂,0.45,0,3,0,0,0,"暂缺"
垣,0.45,0,3,0,0,0,"牆也。"
熱,0.45,0,3,0,0,0,"𥁕也。"
徙,0.45,0,3,0,0,0,"暂缺"
只,0.45,0,3,0,0,0,"語巳䛐也。"
豭,0.45,0,3,0,0,0,"牡豕也。"
褊,0.45,0,3,0,0,0,"衣小也。"
鄂,0.45,0,3,0,0,0,"江夏縣。"
計,0.45,0,3,0,0,0,"會也。筭也。"
弁,0.45,0,3,0,0,0,"暂缺"
誥,0.45,0,3,0,0,0,"告也。"
議,0.45,0,3,0,0,0,"語也。"
洧,0.45,0,3,0,0,0,"洧水。出潁川陽城山。東南入潁。"
櫜,0.45,0,3,0,0,0,"車上大橐。"
戕,0.45,0,3,0,0,0,"槍也。"
熙,0.45,0,3,0,0,0,"燥也。"
決,0.45,0,3,0,0,0,"下流也。"
詭,0.45,0,3,0,0,0,"責也。"
貉,0.42,0,3,0,0,0,"北方貉。"
睢,0.42,0,3,0,0,0,"仰目也。"
鶴,0.42,0,3,0,0,0,"鶴鳴九皐。聲聞于天。"
猜,0.42,0,3,0,0,0,"恨賊也。"
尪,0.42,0,3,0,0,0,"暂缺"
覲,0.42,0,3,0,0,0,"諸矦秋朝曰覲。勤勞王事也。"
滯,0.42,0,3,0,0,0,"凝也。"
屢,0.42,0,3,0,0,0,"暂缺"
精,0.42,0,3,0,0,0,"擇米也。"
袞,0.42,0,3,0,0,0,"天子亯先王。"
瑰,0.42,0,3,0,0,0,"玟瑰也。从王。鬼聲。"
亹,0.42,0,3,0,0,0,"暂缺"
沼,0.42,0,3,0,0,0,"池也。"
袁,0.42,0,3,0,0,0,"長衣皃。"
轘,0.42,0,3,0,0,0,"車裂人也。"
熒,0.42,0,3,0,0,0,"屋下鐙燭之光也。"
扶,0.42,0,3,0,0,0,"左也。"
珪,0.42,0,3,0,0,0,"暂缺"
詬,0.42,0,3,0,0,0,"謑詬也。"
熸,0.42,0,3,0,0,0,"暂缺"
檮,0.42,0,3,0,0,0,"𣚑柮、"
迷,0.42,0,3,0,0,0,"惑也。"
俯,0.42,0,3,0,0,0,"暂缺"
萑,0.42,0,3,0,0,0,"艸多皃。"
邶,0.42,0,3,0,0,0,"故商邑。"
構,0.42,0,3,0,0,0,"葢也。"
輈,0.42,0,3,0,0,0,"轅也。从車。舟聲。"
託,0.42,0,3,0,0,0,"寄也。"
菁,0.42,0,3,0,0,0,"韭華也。"
棐,0.42,0,3,0,0,0,"輔也。"
鄋,0.42,0,3,0,0,0,"暂缺"
轉,0.42,0,3,0,0,0,"還也。"
愁,0.42,0,3,0,0,0,"𢝊也。"
閨,0.42,0,3,0,0,0,"特立之戶。"
維,0.42,0,3,0,0,0,"車葢維也。"
悖,0.42,0,3,0,0,0,"暂缺"
蘩,0.42,0,3,0,0,0,"暂缺"
蹶,0.42,0,3,0,0,0,"僵也。"
卬,0.42,0,3,0,0,0,"望也。"
謙,0.42,0,3,0,0,0,"敬也。"
話,0.42,0,3,0,0,0,"會合善言也。"
播,0.42,0,3,0,0,0,"穜也。"
赳,0.42,0,3,0,0,0,"輕勁有才力也。"
彄,0.42,0,3,0,0,0,"弓弩耑。所凥也。"
擾,0.42,0,3,0,0,0,"暂缺"
殲,0.42,0,3,0,0,0,"微盡也。"
製,0.42,0,3,0,0,0,"裁衣也。从衣。制聲。"
兮,0.42,0,3,0,0,0,"語所稽也。"
變,0.42,0,3,0,0,0,"更也。从攴。䜌聲。"
盤,0.42,0,3,0,0,0,"暂缺"
荷,0.42,0,3,0,0,0,"扶渠葉。"
鯀,0.42,0,3,0,0,0,"鯀魚也。从魚。系聲。"
柩,0.42,0,3,0,0,0,"暂缺"
旄,0.42,0,3,0,0,0,"幢也。"
旰,0.42,0,3,0,0,0,"晚也。"
斥,0.42,0,3,0,0,0,"暂缺"
泓,0.42,0,3,0,0,0,"下深貌。"
諶,0.42,0,3,0,0,0,"誠諦也。"
縋,0.42,0,3,0,0,0,"㠯繩有所縣也。"
濯,0.42,0,3,0,0,0,"𤃬也。"
瑞,0.42,0,3,0,0,0,"以玉爲信也。"
誤,0.42,0,3,0,0,0,"謬也。"
英,0.42,0,3,0,0,0,"艸榮而不實者。"
檀,0.42,0,3,0,0,0,"檀木也。"
永,0.42,0,3,0,0,0,"水長也。"
祓,0.42,0,3,0,0,0,"除惡祭也。从示。犮聲。"
柴,0.42,0,3,0,0,0,"小木散材。"
豷,0.42,0,3,0,0,0,"豕息也。"
穡,0.42,0,3,0,0,0,"穀可收曰穡。"
莠,0.42,0,3,0,0,0,"禾粟下揚生莠也。"
諡,0.42,0,3,0,0,0,"暂缺"
儷,0.42,0,3,0,0,0,"棽儷也。"
窕,0.42,0,3,0,0,0,"𥥍肆極也。"
糞,0.42,0,3,0,0,0,"棄除也。"
薀,0.42,0,3,0,0,0,"積也。"
絏,0.42,0,3,0,0,0,"暂缺"
鼠,0.42,0,3,0,0,0,"穴蟲之緫名也。"
犖,0.42,0,3,0,0,0,"駁牛也。"
榭,0.42,0,3,0,0,0,"暂缺"
脫,0.42,0,3,0,0,0,"消肉臞也。"
雪,0.42,0,3,0,0,0,"暂缺"
勺,0.42,0,3,0,0,0,"枓也。"
祏,0.42,0,3,0,0,0,"宗廟主也。"
衝,0.42,0,3,0,0,0,"暂缺"
坎,0.42,0,3,0,0,0,"陷也。"
秣,0.42,0,3,0,0,0,"暂缺"
飧,0.42,0,3,0,0,0,"暂缺"
營,0.42,0,3,0,0,0,"帀居也。"
膏,0.42,0,3,0,0,0,"肥也。"
盬,0.42,0,3,0,0,0,"河東鹽池也。"
塵,0.42,0,3,0,0,0,"暂缺"
翟,0.42,0,3,0,0,0,"山雉也。"
穢,0.42,0,3,0,0,0,"暂缺"
瘁,0.42,0,3,0,0,0,"暂缺"
博,0.42,0,3,0,0,0,"大通也。"
沐,0.42,0,3,0,0,0,"濯髮也。"
貧,0.42,0,3,0,0,0,"財分少也。"
逋,0.42,0,3,0,0,0,"亡也。"
溷,0.42,0,3,0,0,0,"亂也。"
淖,0.42,0,3,0,0,0,"泥也。"
蠲,0.42,0,3,0,0,0,"馬蠲也。"
燎,0.42,0,3,0,0,0,"放火也。"
馨,0.42,0,3,0,0,0,"𪏽之遠聞也。"
蠹,0.42,0,3,0,0,0,"木中蟲。"
宦,0.42,0,3,0,0,0,"仕也。"
寤,0.42,0,3,0,0,0,"寐覺而有言曰寤。"
疢,0.42,0,3,0,0,0,"熱病也。"
倉,0.42,0,3,0,0,0,"穀藏也。"
洫,0.42,0,3,0,0,0,"十里爲成。成閒廣八尺、深八尺謂之洫。"
羸,0.42,0,3,0,0,0,"𤸃也。"
俎,0.42,0,3,0,0,0,"禮俎也。"
郲,0.42,0,3,0,0,0,"暂缺"
柄,0.42,0,3,0,0,0,"柯也。"
稔,0.42,0,3,0,0,0,"穀孰也。"
跡,0.42,0,3,0,0,0,"暂缺"
譆,0.42,0,3,0,0,0,"痛也。"
組,0.42,0,3,0,0,0,"綬屬也。"
碏,0.42,0,3,0,0,0,"暂缺"
涇,0.42,0,3,0,0,0,"涇水。出安定涇陽幵頭山。東南入渭。"
陂,0.42,0,3,0,0,0,"阪也。"
函,0.42,0,3,0,0,0,"暂缺"
鯈,0.42,0,3,0,0,0,"鯈魚也。"
坤,0.42,0,3,0,0,0,"地也。易之卦也。"
汪,0.42,0,3,0,0,0,"深廣也。"
閒,0.42,0,3,0,0,0,"隙也。"
藍,0.42,0,3,0,0,0,"染靑艸也。"
謫,0.42,0,3,0,0,0,"罰也。从言。啻聲。"
枚,0.42,0,3,0,0,0,"𠏉也。"
畤,0.42,0,3,0,0,0,"天地五帝所基止祭地也。"
梏,0.42,0,3,0,0,0,"手械也。所㠯告天。"
迫,0.42,0,3,0,0,0,"近也。"
藪,0.42,0,3,0,0,0,"大澤也。"
籩,0.42,0,3,0,0,0,"暂缺"
鹹,0.42,0,3,0,0,0,"銜也。"
緯,0.42,0,3,0,0,0,"織衡絲也。"
禾,0.42,0,3,0,0,0,"嘉穀也。"
剝,0.42,0,3,0,0,0,"裂也。"
庾,0.42,0,3,0,0,0,"水漕倉也。"
楹,0.42,0,3,0,0,0,"柱也。"
,0.42,0,3,0,0,0,"暂缺"
錮,0.42,0,3,0,0,0,"鑄𡫳也。"
圻,0.42,0,3,0,0,0,"暂缺"
炭,0.42,0,3,0,0,0,"燒木未灰"
烹,0.42,0,3,0,0,0,"暂缺"
芒,0.42,0,3,0,0,0,"暂缺"
最,0.42,0,3,0,0,0,"犯取也。"
瑣,0.42,0,3,0,0,0,"玉聲。"
苫,0.42,0,3,0,0,0,"葢也。从艸。占聲。"
柤,0.42,0,3,0,0,0,"木閑也。"
蝥,0.42,0,3,0,0,0,"螌蝥也。从虫。敄聲。"
聰,0.42,0,3,0,0,0,"察也。"
熟,0.42,0,3,0,0,0,"暂缺"
彗,0.42,0,3,0,0,0,"埽竹也。从又持"
酌,0.42,0,3,0,0,0,"盛酒行觴也。"
繫,0.42,0,3,0,0,0,"繫𦃇也。一曰惡絮。"
鰥,0.42,0,3,0,0,0,"鰥魚也。"
超,0.42,0,3,0,0,0,"跳也。"
圭,0.42,0,3,0,0,0,"瑞玉也。"
殘,0.42,0,3,0,0,0,"賊也。"
衙,0.42,0,3,0,0,0,"衙衙、"
修,0.42,0,3,0,0,0,"飾也。"
勍,0.42,0,3,0,0,0,"彊也。春秋傳曰。勍敵之人。"
聳,0.42,0,3,0,0,0,"暂缺"
蹙,0.42,0,3,0,0,0,"暂缺"
慆,0.42,0,3,0,0,0,"說也。"
茂,0.42,0,3,0,0,0,"艸木盛皃。"
鑑,0.42,0,3,0,0,0,"大盆也。"
滿,0.42,0,3,0,0,0,"盈溢也。从水。㒼聲。"
兇,0.36,0,3,0,0,0,"𢺕恐也。"
眚,0.36,0,3,0,0,0,"目病生翳也。"
叟,0.36,0,3,0,0,0,"暂缺"
枵,0.36,0,3,0,0,0,"木皃。"
柣,0.36,0,3,0,0,0,"暂缺"
欑,0.36,0,3,0,0,0,"積竹杖。"
剄,0.36,0,3,0,0,0,"𠛬也。"
飽,0.36,0,3,0,0,0,"猒也。"
妣,0.36,0,3,0,0,0,"殁母也。"
縉,0.36,0,3,0,0,0,"帛赤色也。"
穴,0.36,0,3,0,0,0,"土室也。"
蕕,0.36,0,3,0,0,0,"水邊艸也。"
疚,0.36,0,3,0,0,0,"暂缺"
鄟,0.36,0,3,0,0,0,"暂缺"
蟄,0.36,0,3,0,0,0,"臧也。"
鳳,0.36,0,3,0,0,0,"神鳥也。天老曰。"
旨,0.36,0,3,0,0,0,"美也。"
需,0.36,0,3,0,0,0,"䇓也。"
檇,0.36,0,3,0,0,0,"㠯木有所擣也。"
惏,0.36,0,3,0,0,0,"河内之北謂貪曰惏。"
弄,0.36,0,3,0,0,0,"玩也。"
感,0.36,0,3,0,0,0,"動人心也。"
踞,0.36,0,3,0,0,0,"暂缺"
聾,0.36,0,3,0,0,0,"無聞也。从耳。龍聲。"
虔,0.36,0,3,0,0,0,"虎行皃。"
瞻,0.36,0,3,0,0,0,"臨視也。"
練,0.36,0,3,0,0,0,"湅繒也。"
嶽,0.36,0,3,0,0,0,"東岱、"
蕘,0.36,0,3,0,0,0,"艸薪也。"
寐,0.36,0,3,0,0,0,"臥也。"
橋,0.36,0,3,0,0,0,"水梁也。"
秬,0.36,0,3,0,0,0,"暂缺"
聊,0.36,0,3,0,0,0,"暂缺"
艮,0.36,0,3,0,0,0,"很也。"
弢,0.36,0,3,0,0,0,"弓衣也。"
脣,0.36,0,3,0,0,0,"口耑也。"
格,0.36,0,3,0,0,0,"木長皃。"
瘳,0.36,0,3,0,0,0,"疾瘉也。"
旂,0.36,0,3,0,0,0,"旗有衆鈴。"
胤,0.36,0,3,0,0,0,"子孫相承續也。"
昊,0.36,0,3,0,0,0,"暂缺"
挾,0.36,0,3,0,0,0,"俾持也。"
筐,0.36,0,3,0,0,0,"暂缺"
歇,0.36,0,3,0,0,0,"息也。"
嗚,0.36,0,3,0,0,0,"暂缺"
抱,0.36,0,3,0,0,0,"暂缺"
稍,0.36,0,3,0,0,0,"出物有漸也。"
騑,0.36,0,3,0,0,0,"驂也。旁馬也。"
藐,0.36,0,3,0,0,0,"暂缺"
弇,0.36,0,3,0,0,0,"葢也。"
禚,0.36,0,3,0,0,0,"暂缺"
坻,0.36,0,3,0,0,0,"小渚也。"
歃,0.36,0,3,0,0,0,"歠也。"
俱,0.36,0,3,0,0,0,"皆也。"
抉,0.36,0,3,0,0,0,"挑也。"
杌,0.36,0,3,0,0,0,"暂缺"
樵,0.36,0,3,0,0,0,"𢿱木也。"
暑,0.36,0,3,0,0,0,"𤍽也。"
溱,0.36,0,3,0,0,0,"溱水。出桂陽臨武。入洭。"
瑟,0.36,0,3,0,0,0,"庖犧所作弦樂也。"
岸,0.36,0,3,0,0,0,"水厓洒而高者。"
銅,0.36,0,3,0,0,0,"赤金也。"
閟,0.36,0,3,0,0,0,"閉門也。"
酅,0.36,0,3,0,0,0,"東海之邑。"
項,0.36,0,3,0,0,0,"頭後也。"
玈,0.36,0,3,0,0,0,"暂缺"
厎,0.36,0,3,0,0,0,"柔石也。"
割,0.36,0,3,0,0,0,"剝也。"
桷,0.36,0,3,0,0,0,"榱也。"
騷,0.36,0,3,0,0,0,"摩馬也。"
墊,0.36,0,3,0,0,0,"下也。"
香,0.36,0,3,0,0,0,"芳也。"
姪,0.36,0,3,0,0,0,"女子謂兄弟之子也。"
距,0.36,0,3,0,0,0,"雞距也。"
翰,0.36,0,3,0,0,0,"天雞也。"
孚,0.36,0,3,0,0,0,"𡖉卽孚也。"
那,0.36,0,3,0,0,0,"暂缺"
絜,0.36,0,3,0,0,0,"麻一耑也。"
慚,0.36,0,3,0,0,0,"暂缺"
譏,0.36,0,3,0,0,0,"誹也。"
蓖,0.36,0,3,0,0,0,"暂缺"
氛,0.36,0,3,0,0,0,"祥气也。"
閾,0.36,0,3,0,0,0,"門榍也。"
茀,0.36,0,3,0,0,0,"道多艸不可行。"
契,0.36,0,3,0,0,0,"大約也。"
餞,0.36,0,3,0,0,0,"送去食也。"
塈,0.36,0,3,0,0,0,"暂缺"
辯,0.36,0,3,0,0,0,"治也。"
殳,0.36,0,3,0,0,0,"㠯杖殊人也。"
吐,0.36,0,3,0,0,0,"寫也。从口。土聲。"
術,0.36,0,3,0,0,0,"邑中道也。"
隅,0.36,0,3,0,0,0,"陬也。"
癘,0.36,0,3,0,0,0,"惡疾也。"
轄,0.36,0,3,0,0,0,"車聲也。"
靷,0.36,0,3,0,0,0,"所㠯引軸者也。"
燥,0.36,0,3,0,0,0,"乾也。"
泥,0.36,0,3,0,0,0,"泥水。出北地郁郅北蠻中。"
餱,0.36,0,3,0,0,0,"乾食也。"
鉤,0.36,0,3,0,0,0,"曲鉤也。"
淺,0.36,0,3,0,0,0,"不深也。"
寮,0.36,0,3,0,0,0,"暂缺"
遑,0.36,0,3,0,0,0,"暂缺"
寓,0.36,0,3,0,0,0,"寄也。"
隙,0.36,0,3,0,0,0,"壁際也。"
堞,0.36,0,3,0,0,0,"暂缺"
耕,0.36,0,3,0,0,0,"𤛿也。"
郔,0.36,0,3,0,0,0,"鄭地。"
讀,0.36,0,3,0,0,0,"籒書也。"
妨,0.36,0,3,0,0,0,"害也。"
騶,0.36,0,3,0,0,0,"廏御也。"
聿,0.36,0,3,0,0,0,"所㠯書也。"
廷,0.36,0,3,0,0,0,"朝中也。"
蘋,0.36,0,3,0,0,0,"暂缺"
刺,0.36,0,3,0,0,0,"君殺大夫曰刺。刺、直傷也。"
瘈,0.36,0,3,0,0,0,"暂缺"
咮,0.36,0,3,0,0,0,"鳥口也。"
胸,0.36,0,3,0,0,0,"暂缺"
塹,0.36,0,3,0,0,0,"阬也。"
饜,0.36,0,3,0,0,0,"暂缺"
斗,0.36,0,3,0,0,0,"十升也。"
扃,0.36,0,3,0,0,0,"外閉之關也。"
蘊,0.36,0,3,0,0,0,"暂缺"
鉞,0.36,0,3,0,0,0,"車鑾聲也。从金。戉聲。詩曰。鑾聲鉞鉞。"
阿,0.36,0,3,0,0,0,"大陵曰阿。"
梅,0.36,0,3,0,0,0,"枏也。可食。從木。每聲。"
壓,0.36,0,3,0,0,0,"壞也。"
嫠,0.36,0,3,0,0,0,"暂缺"
獳,0.36,0,3,0,0,0,"怒犬皃。从犬。需聲。讀若槈。"
支,0.36,0,3,0,0,0,"去竹之枝也。从手持半竹。"
品,0.36,0,3,0,0,0,"衆庶也。从三口。"
縗,0.36,0,3,0,0,0,"喪服衣。"
弛,0.36,0,3,0,0,0,"弓解弦也。"
漆,0.36,0,3,0,0,0,"漆水。出右扶風杜陵岐山東入渭。"
甫,0.36,0,3,0,0,0,"男子之美偁也。"
惜,0.36,0,3,0,0,0,"痛也。从心。㫺聲。"
畚,0.36,0,3,0,0,0,"暂缺"
斲,0.36,0,3,0,0,0,"斫也。从斤。𠁁聲。"
台,0.36,0,3,0,0,0,"說也。"
濡,0.36,0,3,0,0,0,"濡水。出涿郡故安。東入淶。"
丕,0.36,0,3,0,0,0,"大也。"
貂,0.36,0,3,0,0,0,"鼠屬。大而黃黑。出胡丁零國。"
汙,0.36,0,3,0,0,0,"薉也。"
拱,0.36,0,3,0,0,0,"斂手也。"
婢,0.36,0,3,0,0,0,"女之卑者也。"
忝,0.36,0,3,0,0,0,"辱也。"
伉,0.36,0,3,0,0,0,"人名。"
栽,0.36,0,3,0,0,0,"築牆長版也。"
遒,0.36,0,3,0,0,0,"暂缺"
跋,0.36,0,3,0,0,0,"蹎也。"
薰,0.36,0,3,0,0,0,"香艸也。"
瞽,0.36,0,3,0,0,0,"目但有朕也。"
鞶,0.36,0,3,0,0,0,"大帶也。易曰。或錫之鞶帶。"
操,0.36,0,3,0,0,0,"把持也。"
黻,0.36,0,3,0,0,0,"黑與靑相次文。"
脾,0.36,0,3,0,0,0,"土藏也。"
軾,0.36,0,3,0,0,0,"車歬也。"
昵,0.36,0,3,0,0,0,"暂缺"
揆,0.36,0,3,0,0,0,"度也。"
羇,0.36,0,3,0,0,0,"暂缺"
雎,0.36,0,3,0,0,0,"暂缺"
慍,0.36,0,3,0,0,0,"怨也。"
珠,0.36,0,3,0,0,0,"蜯中陰精也。"
蜃,0.36,0,3,0,0,0,"大蛤。"
磬,0.36,0,3,0,0,0,"石樂也。"
兕,0.36,0,3,0,0,0,"暂缺"
浦,0.36,0,3,0,0,0,"水瀕也。"
獵,0.36,0,3,0,0,0,"放獵、逐禽也。"
植,0.36,0,3,0,0,0,"戸植也。"
盥,0.36,0,3,0,0,0,"澡手也。"
點,0.36,0,3,0,0,0,"小黑也。"
鄘,0.36,0,3,0,0,0,"南夷國。"
廉,0.36,0,3,0,0,0,"仄也。"
松,0.36,0,3,0,0,0,"松木也。從木。公聲。"
碩,0.36,0,3,0,0,0,"頭大也。"
藻,0.36,0,3,0,0,0,"暂缺"
涕,0.36,0,3,0,0,0,"泣也。"
縫,0.36,0,3,0,0,0,"㠯鍼紩衣也。"
鍇,0.36,0,3,0,0,0,"九江謂鐵曰鍇。从金。皆聲。"
很,0.36,0,3,0,0,0,"不聽從也。一曰行難也。从彳。𥃩聲。"
叱,0.36,0,3,0,0,0,"訶也。"
廧,0.36,0,3,0,0,0,"暂缺"
腯,0.36,0,3,0,0,0,"牛羊曰肥。豕曰腯。"
耿,0.36,0,3,0,0,0,"耳箸頰也。"
魅,0.36,0,3,0,0,0,"暂缺"
汋,0.36,0,3,0,0,0,"激水聲也。从水。勺聲。"
顙,0.36,0,3,0,0,0,"頟也。"
桔,0.36,0,3,0,0,0,"桔梗、"
珍,0.36,0,3,0,0,0,"寶也。"
板,0.36,0,3,0,0,0,"暂缺"
擅,0.36,0,3,0,0,0,"專也。"
刀,0.36,0,3,0,0,0,"兵也。"
欣,0.36,0,3,0,0,0,"𥬇喜也。"
鵝,0.36,0,3,0,0,0,"暂缺"
泗,0.36,0,3,0,0,0,"泗水。受泲水。東入淮"
祐,0.36,0,3,0,0,0,"助也。"
寪,0.36,0,3,0,0,0,"屋皃。"
驩,0.36,0,3,0,0,0,"馬名。"
散,0.36,0,3,0,0,0,"暂缺"
槐,0.36,0,3,0,0,0,"槐木也。"
鬣,0.36,0,3,0,0,0,"髮鬣鬣也。"
尺,0.36,0,3,0,0,0,"十寸也。"
暨,0.36,0,3,0,0,0,"暂缺"
闡,0.36,0,3,0,0,0,"開也。从門。單聲。"
樓,0.36,0,3,0,0,0,"重屋也。"
翫,0.36,0,3,0,0,0,"習猒也。"
騅,0.36,0,3,0,0,0,"馬蒼黑襍毛。"
阨,0.36,0,3,0,0,0,"暂缺"
瞑,0.36,0,3,0,0,0,"翕目也。"
禋,0.36,0,3,0,0,0,"絜祀也。"
謠,0.36,0,3,0,0,0,"暂缺"
廁,0.36,0,3,0,0,0,"淸也。"
形,0.36,0,3,0,0,0,"象也。"
彪,0.36,0,3,0,0,0,"虎文也。"
弋,0.36,0,3,0,0,0,"橜也。"
鐵,0.36,0,3,0,0,0,"黑金也。从金。𢧤聲。"
濕,0.36,0,3,0,0,0,"濕水。出東郡東武陽。入海。"
竹,0.36,0,3,0,0,0,"冬生艸也。"
郠,0.36,0,3,0,0,0,"琅邪莒邑。"
沿,0.36,0,3,0,0,0,"緣水而下也。"
祲,0.36,0,3,0,0,0,"精气感祥。"
級,0.36,0,3,0,0,0,"絲次弟也。"
巷,0.36,0,3,0,0,0,"暂缺"
闈,0.36,0,3,0,0,0,"宮中之門也。"
孛,0.36,0,3,0,0,0,"𤱿孛也。"
螭,0.36,0,3,0,0,0,"若龍而黃。"
溴,0.36,0,3,0,0,0,"暂缺"
愧,0.36,0,3,0,0,0,"暂缺"
際,0.36,0,3,0,0,0,"壁會也。"
黿,0.36,0,3,0,0,0,"大鼈也。"
涼,0.36,0,3,0,0,0,"薄也。"
啼,0.36,0,3,0,0,0,"暂缺"
豚,0.36,0,3,0,0,0,"暂缺"
牼,0.36,0,3,0,0,0,"牛厀下骨也。"
記,0.36,0,3,0,0,0,"疋也。"
貍,0.36,0,3,0,0,0,"伏獸。似貙。"
稟,0.36,0,3,0,0,0,"賜榖也。"
牂,0.36,0,3,0,0,0,"牝羊也。"
開,0.36,0,3,0,0,0,"張也。"
霜,0.36,0,3,0,0,0,"喪也。"
臭,0.36,0,3,0,0,0,"禽走臭而知其迹者犬也。"
浴,0.36,0,3,0,0,0,"洒身也。"
櫛,0.36,0,3,0,0,0,"梳比之總名也。"
悌,0.36,0,3,0,0,0,"暂缺"
繞,0.36,0,3,0,0,0,"纏也。从糸。堯聲。"
邿,0.36,0,3,0,0,0,"附庸國。"
矛,0.36,0,3,0,0,0,"酋矛也。建於兵車。長二丈。"
倚,0.36,0,3,0,0,0,"依也。从人。奇聲。"
惕,0.36,0,3,0,0,0,"敬也。从心。易聲。"
郵,0.36,0,3,0,0,0,"竟上行書舍。"
缾,0.36,0,3,0,0,0,"𦉥也。"
個,0.36,0,3,0,0,0,"暂缺"
嫡,0.36,0,3,0,0,0,"孎也。从女。啻聲。"
鞫,0.36,0,3,0,0,0,"暂缺"
充,0.36,0,3,0,0,0,"長也。高也。"
僨,0.36,0,3,0,0,0,"僵也。"
榖,0.36,0,3,0,0,0,"楮也。"
轍,0.36,0,3,0,0,0,"暂缺"
綱,0.33,0,3,0,0,0,"网紘也。"
鄶,0.33,0,3,0,0,0,"祝融之後妘姓所封潧洧之閒。鄭滅之。"
淑,0.33,0,3,0,0,0,"淸湛也。"
餬,0.33,0,3,0,0,0,"寄食也。"
禰,0.33,0,3,0,0,0,"暂缺"
郰,0.33,0,3,0,0,0,"魯下邑。孔子之鄉。"
雙,0.33,0,3,0,0,0,"隹二枚也。"
蠶,0.33,0,3,0,0,0,"任絲蟲也。"
蠢,0.33,0,3,0,0,0,"蟲動也。"
塴,0.33,0,3,0,0,0,"暂缺"
乳,0.33,0,3,0,0,0,"人及鳥生子曰乳。獸曰產。"
臘,0.33,0,3,0,0,0,"冬至後三戌臘祭百神。"
蒼,0.33,0,3,0,0,0,"艸色也。"
廑,0.33,0,3,0,0,0,"少劣之凥。"
徽,0.33,0,3,0,0,0,"衺幅也。"
審,0.33,0,3,0,0,0,"暂缺"
觴,0.33,0,3,0,0,0,"實曰觴。虛曰觶。"
葺,0.33,0,3,0,0,0,"茨也。从艸。咠聲。"
仞,0.33,0,3,0,0,0,"伸臂一尋八尺。"
譽,0.33,0,3,0,0,0,"稱也。"
削,0.33,0,3,0,0,0,"鞞也。"
饘,0.33,0,3,0,0,0,"糜也。"
痁,0.33,0,3,0,0,0,"有𤍽瘧。"
賣,0.33,0,3,0,0,0,"暂缺"
櫝,0.33,0,3,0,0,0,"匱也。"
閑,0.33,0,3,0,0,0,"闌也。"
蔣,0.33,0,3,0,0,0,"𤓰也。"
輓,0.33,0,3,0,0,0,"引車也。"
闉,0.33,0,3,0,0,0,"闉闍、"
扑,0.33,0,3,0,0,0,"暂缺"
污,0.33,0,3,0,0,0,"暂缺"
剽,0.33,0,3,0,0,0,"砭刺也。"
耄,0.33,0,3,0,0,0,"暂缺"
衽,0.33,0,3,0,0,0,"衣䘳也。"
槨,0.33,0,3,0,0,0,"暂缺"
袚,0.33,0,3,0,0,0,"蠻夷衣。"
笠,0.33,0,3,0,0,0,"簦無柄也。"
棗,0.33,0,3,0,0,0,"羊棗也。"
訊,0.33,0,3,0,0,0,"問也"
媮,0.33,0,3,0,0,0,"巧黠也。"
減,0.33,0,3,0,0,0,"損也。"
鬲,0.33,0,3,0,0,0,"鼎屬也。"
骸,0.33,0,3,0,0,0,"脛骨也。"
槬,0.33,0,3,0,0,0,"暂缺"
@,0.33,0,3,0,0,0,"暂缺"
苻,0.33,0,3,0,0,0,"暂缺"
裁,0.33,0,3,0,0,0,"制衣也。"
踵,0.33,0,3,0,0,0,"追也。"
漷,0.33,0,3,0,0,0,"漷水。在魯。"
媾,0.33,0,3,0,0,0,"重婚也。"
厖,0.33,0,3,0,0,0,"石大也。"
猾,0.33,0,3,0,0,0,"暂缺"
婤,0.33,0,3,0,0,0,"女字也。从女。周聲。"
稻,0.33,0,3,0,0,0,"稌也。"
晰,0.33,0,3,0,0,0,"暂缺"
沚,0.33,0,3,0,0,0,"小渚曰沚。"
嗇,0.33,0,3,0,0,0,"愛濇也。"
飴,0.33,0,3,0,0,0,"米糱煎者也。"
歷,0.33,0,3,0,0,0,"過也。傳也。"
跗,0.33,0,3,0,0,0,"暂缺"
饕,0.33,0,3,0,0,0,"貪也。从食。號聲。"
棋,0.33,0,3,0,0,0,"暂缺"
莪,0.33,0,3,0,0,0,"莪、"
均,0.33,0,3,0,0,0,"平徧也。"
什,0.33,0,3,0,0,0,"相什𠈃也。"
肓,0.33,0,3,0,0,0,"心下鬲上也。"
渚,0.33,0,3,0,0,0,"渚水。在常山中丘逢山。東入湡。"
奐,0.33,0,3,0,0,0,"取奐也。"
膰,0.33,0,3,0,0,0,"暂缺"
妄,0.33,0,3,0,0,0,"亂也。从女。亡聲。"
賵,0.33,0,3,0,0,0,"暂缺"
麤,0.33,0,3,0,0,0,"行超遠也。"
鄏,0.33,0,3,0,0,0,"郟鄏、"
灑,0.33,0,3,0,0,0,"𣲌也。"
麾,0.33,0,3,0,0,0,"暂缺"
該,0.33,0,3,0,0,0,"軍中約也。"
鸇,0.33,0,3,0,0,0,"鷐風也。"
魁,0.33,0,3,0,0,0,"羮斗也。"
鴐,0.33,0,3,0,0,0,"暂缺"
勦,0.33,0,3,0,0,0,"勞也。从力。巢聲。"
稠,0.33,0,3,0,0,0,"多也。"
繩,0.33,0,3,0,0,0,"索也。"
$,0.33,0,3,0,0,0,"暂缺"
吠,0.33,0,3,0,0,0,"犬鳴。从口犬。"
刈,0.33,0,3,0,0,0,"暂缺"
贏,0.33,0,3,0,0,0,"賈有餘利也。"
茸,0.33,0,3,0,0,0,"艸茸茸皃。"
茹,0.33,0,3,0,0,0,"飤馬也。从艸。如聲。"
雀,0.33,0,3,0,0,0,"依人小鳥也。"
繒,0.33,0,3,0,0,0,"帛也。"
邗,0.33,0,3,0,0,0,"國也。今屬臨淮。"
螽,0.33,0,3,0,0,0,"暂缺"
篾,0.33,0,3,0,0,0,"暂缺"
蓺,0.33,0,3,0,0,0,"暂缺"
爨,0.33,0,3,0,0,0,"齊謂炊爨。"
臝,0.33,0,3,0,0,0,"暂缺"
骼,0.33,0,3,0,0,0,"禽獸之骨曰骼。"
沓,0.33,0,3,0,0,0,"語多沓沓也。"
梨,0.33,0,3,0,0,0,"暂缺"
彫,0.33,0,3,0,0,0,"𤥨文也。"
襘,0.33,0,3,0,0,0,"帶所結也。"
鬯,0.33,0,3,0,0,0,"㠯𩰤釀𩰪艸。芬芳攸服㠯降神也。"
覯,0.33,0,3,0,0,0,"遇見也。"
掖,0.33,0,3,0,0,0,"㠯手持人臂也。"
柎,0.33,0,3,0,0,0,"闌足也。"
嘔,0.33,0,3,0,0,0,"暂缺"
斐,0.33,0,3,0,0,0,"分別文也。"
噬,0.33,0,3,0,0,0,"暂缺"
傒,0.33,0,3,0,0,0,"暂缺"
灌,0.33,0,3,0,0,0,"灌水。出廬江雩婁。北入淮。"
勃,0.33,0,3,0,0,0,"排也。"
醒,0.33,0,3,0,0,0,"暂缺"
頎,0.33,0,3,0,0,0,"頭佳皃。"
秉,0.33,0,3,0,0,0,"禾束也。"
朕,0.33,0,3,0,0,0,"我也。闕。"
荼,0.33,0,3,0,0,0,"苦荼也。"
愾,0.33,0,3,0,0,0,"大息皃。"
堀,0.33,0,3,0,0,0,"暂缺"
巧,0.33,0,3,0,0,0,"技也。"
斤,0.33,0,3,0,0,0,"斫木斧也。"
轂,0.33,0,3,0,0,0,"輻所湊也。"
齧,0.33,0,3,0,0,0,"噬也。"
頭,0.33,0,3,0,0,0,"𦣻也。"
饔,0.33,0,3,0,0,0,"暂缺"
脛,0.33,0,3,0,0,0,"胻也。"
絓,0.33,0,3,0,0,0,"繭滓絓頭也。"
勾,0.33,0,3,0,0,0,"暂缺"
銜,0.33,0,3,0,0,0,"馬勒口中也。"
歿,0.33,0,3,0,0,0,"暂缺"
岡,0.33,0,3,0,0,0,"山脊也。"
耀,0.33,0,3,0,0,0,"暂缺"
餓,0.33,0,3,0,0,0,"飢也。从食。我聲。"
褐,0.33,0,3,0,0,0,"編枲韤。"
渭,0.33,0,3,0,0,0,"渭水。出隴西首陽渭首亭南谷。東南入河。"
玷,0.33,0,3,0,0,0,"暂缺"
瓠,0.33,0,3,0,0,0,"匏也。"
佻,0.33,0,3,0,0,0,"愉也。"
甗,0.33,0,3,0,0,0,"甑也。一穿。"
輪,0.33,0,3,0,0,0,"有輻曰輪。"
掉,0.33,0,3,0,0,0,"搖也。"
翳,0.33,0,3,0,0,0,"華葢也。"
絻,0.33,0,3,0,0,0,"暂缺"
歡,0.33,0,3,0,0,0,"喜樂也。从欠。雚聲。"
寸,0.33,0,3,0,0,0,"十分也。"
販,0.33,0,3,0,0,0,"買賤賣貴者。"
遏,0.33,0,3,0,0,0,"微止也。"
炎,0.33,0,3,0,0,0,"火光上也。"
嬪,0.33,0,3,0,0,0,"服也。"
握,0.33,0,3,0,0,0,"搤持也。"
鏘,0.33,0,3,0,0,0,"暂缺"
欿,0.33,0,3,0,0,0,"欲得也。"
麟,0.33,0,3,0,0,0,"大牡鹿也。"
挑,0.33,0,3,0,0,0,"撓也。"
餮,0.33,0,3,0,0,0,"暂缺"
織,0.33,0,3,0,0,0,"作布帛之總名也。"
樽,0.33,0,3,0,0,0,"暂缺"
刊,0.33,0,3,0,0,0,"剟也。"
狸,0.33,0,3,0,0,0,"暂缺"
靜,0.33,0,3,0,0,0,"宷也。"
墳,0.33,0,3,0,0,0,"墓也。"
璜,0.33,0,3,0,0,0,"半璧也。"
秕,0.33,0,3,0,0,0,"不成粟也。"
諄,0.33,0,3,0,0,0,"告曉之孰也。"
蔥,0.33,0,3,0,0,0,"菜也。"
摽,0.33,0,3,0,0,0,"擊也。"
翹,0.33,0,3,0,0,0,"尾長毛也。"
榆,0.33,0,3,0,0,0,"榆白、枌。"
蔇,0.33,0,3,0,0,0,"艸多皃。"
椽,0.33,0,3,0,0,0,"榱也。"
詳,0.33,0,3,0,0,0,"審議也。"
豔,0.33,0,3,0,0,0,"好而長也。"
拯,0.33,0,3,0,0,0,"上舉也。出㲻爲拯。从手。丞聲。易曰。拯馬壯吉。"
貝,0.33,0,3,0,0,0,"海介蟲也。"
渴,0.33,0,3,0,0,0,"盡也。"
接,0.33,0,3,0,0,0,"交也。"
牖,0.33,0,3,0,0,0,"穿壁㠯木爲交窗也。"
韶,0.33,0,3,0,0,0,"虞舜樂也。"
邳,0.33,0,3,0,0,0,"奚仲之後湯左相仲虺所封國。"
棟,0.33,0,3,0,0,0,"極也。"
橫,0.33,0,3,0,0,0,"暂缺"
濁,0.33,0,3,0,0,0,"濁水。出齊郡"
遊,0.33,0,3,0,0,0,"暂缺"
袪,0.33,0,3,0,0,0,"衣袂也。"
刻,0.33,0,3,0,0,0,"鏤也。"
霖,0.33,0,3,0,0,0,"凡雨三日已往爲霖。"
翬,0.33,0,3,0,0,0,"大飛也。"
係,0.33,0,3,0,0,0,"絜束也。"
挺,0.33,0,3,0,0,0,"拔也。"
靳,0.33,0,3,0,0,0,"當𦢖也。"
迎,0.33,0,3,0,0,0,"逢也。"
躋,0.33,0,3,0,0,0,"登也。从足。齊聲。"
籥,0.33,0,3,0,0,0,"書僮竹笘也。"
菆,0.33,0,3,0,0,0,"麻蒸也。"
斧,0.33,0,3,0,0,0,"所㠯斫也。"
乖,0.33,0,3,0,0,0,"暂缺"
謹,0.33,0,3,0,0,0,"愼也。"
芟,0.33,0,3,0,0,0,"刈艸也。"
快,0.33,0,3,0,0,0,"喜也。"
鑒,0.33,0,3,0,0,0,"暂缺"
誄,0.33,0,3,0,0,0,"謚也。"
耇,0.33,0,3,0,0,0,"老人面凍黎若垢。"
踣,0.33,0,3,0,0,0,"僵也。"
提,0.33,0,3,0,0,0,"挈也。"
邁,0.33,0,3,0,0,0,"遠行也。"
畫,0.33,0,3,0,0,0,"介也。"
繄,0.33,0,3,0,0,0,"𢧢衣也。"
舄,0.33,0,3,0,0,0,"䧿也。"
饒,0.33,0,3,0,0,0,"飽也。"
漏,0.33,0,3,0,0,0,"㠯銅受水。刻節。晝夜百節。"
姶,0.33,0,3,0,0,0,"女字也。从女。合聲。"
陟,0.33,0,3,0,0,0,"登也。"
焞,0.33,0,3,0,0,0,"朙也。"
撲,0.33,0,3,0,0,0,"挨也。"
棫,0.33,0,3,0,0,0,"白桵也。從木。或聲。"
弈,0.33,0,3,0,0,0,"圍棊也。从廾。亦聲。"
掘,0.33,0,3,0,0,0,"搰也。"
跦,0.33,0,3,0,0,0,"暂缺"
郫,0.33,0,3,0,0,0,"蜀縣也。"
累,0.33,0,3,0,0,0,"暂缺"
蹯,0.33,0,3,0,0,0,"暂缺"
奈,0.33,0,3,0,0,0,"暂缺"
鵲,0.33,0,3,0,0,0,"暂缺"
箾,0.33,0,3,0,0,0,"㠯竿擊人也。"
脂,0.33,0,3,0,0,0,"戴角者脂。無角者膏。"
祟,0.33,0,3,0,0,0,"神禍也。"
彈,0.33,0,3,0,0,0,"行丸也。"
壑,0.33,0,3,0,0,0,"暂缺"
鄐,0.33,0,3,0,0,0,"晉郉矦邑。"
條,0.33,0,3,0,0,0,"小枝也。"
劖,0.33,0,3,0,0,0,"𣃔也。"
覦,0.33,0,3,0,0,0,"欲也。"
秏,0.33,0,3,0,0,0,"稻屬。"
觸,0.33,0,3,0,0,0,"牴也。"
蜚,0.33,0,3,0,0,0,"暂缺"
鄣,0.33,0,3,0,0,0,"紀邑也。"
臂,0.33,0,3,0,0,0,"手上也。"
遙,0.33,0,3,0,0,0,"暂缺"
倒,0.33,0,3,0,0,0,"暂缺"
雌,0.33,0,3,0,0,0,"鳥母也。从隹。此聲。"
篋,0.33,0,3,0,0,0,"暂缺"
畛,0.33,0,3,0,0,0,"井田閒百也。"
搖,0.33,0,3,0,0,0,"動也。从手。䍃聲。"
瘧,0.33,0,3,0,0,0,"寒𤍽休作病。"
燬,0.33,0,3,0,0,0,"火也。从火。毀聲。春秋傳曰。衞侯燬。"
洹,0.33,0,3,0,0,0,"𣵨水。在齊魯閒。"
机,0.33,0,3,0,0,0,"机木也。"
煬,0.33,0,3,0,0,0,"炙燥也。从火。昜聲。"
緣,0.33,0,3,0,0,0,"衣純也。"
屑,0.33,0,3,0,0,0,"暂缺"
嫚,0.33,0,3,0,0,0,"侮㑥也。"
曩,0.33,0,3,0,0,0,"曏也。"
償,0.33,0,3,0,0,0,"還也。"
罄,0.33,0,3,0,0,0,"器中空也。"
膺,0.33,0,3,0,0,0,"匈也。"
邘,0.33,0,3,0,0,0,"周武王子所封。"
紛,0.33,0,3,0,0,0,"馬尾韜也。"
斝,0.33,0,3,0,0,0,"玉爵也。夏曰醆。"
化,0.33,0,3,0,0,0,"教行也。"
汜,0.33,0,3,0,0,0,"水別復入水也。"
紼,0.33,0,3,0,0,0,"亂枲也。"
麑,0.33,0,3,0,0,0,"狻麑獸也。"
愔,0.33,0,3,0,0,0,"暂缺"
劓,0.33,0,3,0,0,0,"暂缺"
迭,0.33,0,3,0,0,0,"更迭也。"
刃,0.33,0,3,0,0,0,"刀鋻也。"
袂,0.33,0,3,0,0,0,"褎也。从衣。夬聲。"
縷,0.33,0,3,0,0,0,"綫也。"
軼,0.33,0,3,0,0,0,"車相出也。"
蹊,0.33,0,3,0,0,0,"暂缺"
褰,0.33,0,3,0,0,0,"絝也。"
鬱,0.33,0,3,0,0,0,"木叢者。"
狀,0.33,0,3,0,0,0,"犬形也。"
鷹,0.33,0,3,0,0,0,"暂缺"
擐,0.33,0,3,0,0,0,"毌也。"
簞,0.33,0,3,0,0,0,"笥也。"
鄗,0.33,0,3,0,0,0,"常山縣也。从邑。高聲。"
軘,0.33,0,3,0,0,0,"兵車也。"
賸,0.33,0,3,0,0,0,"物相增加也。"
艱,0.33,0,3,0,0,0,"土難治也。"
脅,0.33,0,3,0,0,0,"兩膀也。"
煢,0.33,0,3,0,0,0,"暂缺"
嬙,0.33,0,3,0,0,0,"暂缺"
嚴,0.33,0,3,0,0,0,"敎命急也。"
髭,0.33,0,3,0,0,0,"暂缺"
眉,0.33,0,3,0,0,0,"目上毛也。"
豬,0.33,0,3,0,0,0,"豕而三毛叢凥者。"
儳,0.33,0,3,0,0,0,"儳互、"
拊,0.33,0,3,0,0,0,"揗也。"
脯,0.33,0,3,0,0,0,"乾肉也。"
旻,0.33,0,3,0,0,0,"秋天也。"
燧,0.33,0,3,0,0,0,"暂缺"
凍,0.33,0,3,0,0,0,"仌也。"
蒺,0.33,0,3,0,0,0,"暂缺"
障,0.33,0,3,0,0,0,"隔也。从𨸏。章聲。"
裡,0.33,0,3,0,0,0,"暂缺"
泱,0.33,0,3,0,0,0,"滃也。"
岐,0.33,0,3,0,0,0,"暂缺"
鏤,0.33,0,3,0,0,0,"剛鐵也。可㠯刻鏤。"
燼,0.33,0,3,0,0,0,"暂缺"
鄎,0.33,0,3,0,0,0,"姬姓之國。在淮北。"
附,0.33,0,3,0,0,0,"附婁、"
泝,0.33,0,3,0,0,0,"逆流而上曰㴑洄。"
究,0.33,0,3,0,0,0,"竆也。"
燔,0.33,0,3,0,0,0,"𤑔也。"
黯,0.33,0,3,0,0,0,"深黑也。"
鏚,0.33,0,3,0,0,0,"暂缺"
孽,0.33,0,3,0,0,0,"暂缺"
刓,0.33,0,3,0,0,0,"剸也。"
鑪,0.33,0,3,0,0,0,"方鑪也。"
髽,0.33,0,3,0,0,0,"喪結也。"
隴,0.33,0,3,0,0,0,"天水大阪也。"
掫,0.33,0,3,0,0,0,"夜戒守有所擊也。"
稗,0.33,0,3,0,0,0,"禾別也。"
玩,0.33,0,3,0,0,0,"弄也。"
曳,0.33,0,3,0,0,0,"臾曳也。"
跣,0.33,0,3,0,0,0,"足親地也。"
諮,0.33,0,3,0,0,0,"暂缺"
炙,0.33,0,3,0,0,0,"炙肉也。"
并,0.33,0,3,0,0,0,"暂缺"
摩,0.33,0,3,0,0,0,"揅也。"
普,0.33,0,3,0,0,0,"日無色也。"
姨,0.33,0,3,0,0,0,"妻之女弟同出爲姨。"
鄍,0.33,0,3,0,0,0,"晉邑也。"
赭,0.33,0,3,0,0,0,"赤土也。"
邽,0.33,0,3,0,0,0,"隴西上邽也。"
鬩,0.33,0,3,0,0,0,"恆訟也。"
刳,0.33,0,3,0,0,0,"判也。"
賻,0.33,0,3,0,0,0,"暂缺"
鶻,0.33,0,3,0,0,0,"鶻鵃也。"
鱹,0.33,0,3,0,0,0,"暂缺"
榼,0.33,0,3,0,0,0,"酒器也。"
判,0.33,0,3,0,0,0,"分也。"
蓬,0.33,0,3,0,0,0,"蒿也。从艸。逢聲。"
樠,0.33,0,3,0,0,0,"松心木。"
綪,0.33,0,3,0,0,0,"赤繒也。"
溠,0.33,0,3,0,0,0,"溠水。在漢南。"
僔,0.33,0,3,0,0,0,"聚也。"
殣,0.33,0,3,0,0,0,"道中死人。人所覆也。"
皿,0.33,0,3,0,0,0,"飯食之用器也。"
暮,0.33,0,3,0,0,0,"暂缺"
觥,0.33,0,3,0,0,0,"暂缺"
耶,0.33,0,3,0,0,0,"暂缺"
聒,0.33,0,3,0,0,0,"讙語也。"
鹵,0.33,0,3,0,0,0,"西方鹹地也。从㢴省。"
敘,0.33,0,3,0,0,0,"次弟也。"
活,0.33,0,3,0,0,0,"流聲也。"
紞,0.33,0,3,0,0,0,"冕冠𡫳耳者。"
褒,0.33,0,3,0,0,0,"暂缺"
鴟,0.33,0,3,0,0,0,"暂缺"
刜,0.33,0,3,0,0,0,"擊也。"
挶,0.33,0,3,0,0,0,"𢧢持也。"
葭,0.33,0,3,0,0,0,"葦之未秀者。从艸。叚聲。"
洗,0.33,0,3,0,0,0,"洒足也。"
酀,0.33,0,3,0,0,0,"地名。从邑。燕聲。"
酎,0.33,0,3,0,0,0,"三重醇酒也。"
眕,0.33,0,3,0,0,0,"目有所恨而止也。"
賑,0.33,0,3,0,0,0,"富也。"
賃,0.33,0,3,0,0,0,"庸也。"
逖,0.33,0,3,0,0,0,"遠也。"
澳,0.33,0,3,0,0,0,"隈厓也。其內曰澳。其外曰鞫。"
頰,0.33,0,3,0,0,0,"面旁也。"
娵,0.33,0,3,0,0,0,"暂缺"
扉,0.33,0,3,0,0,0,"戶扇也。"
鍥,0.33,0,3,0,0,0,"鎌也。"
勁,0.33,0,3,0,0,0,"彊也。"
頷,0.33,0,3,0,0,0,"面黃也。"
纂,0.33,0,3,0,0,0,"佀組而赤。"
蘀,0.33,0,3,0,0,0,"艸木凡皮葉落陊地爲蘀。"
姤,0.33,0,3,0,0,0,"暂缺"
溜,0.33,0,3,0,0,0,"暂缺"
匏,0.33,0,3,0,0,0,"瓠也。"
縮,0.33,0,3,0,0,0,"亂也。"
凄,0.33,0,3,0,0,0,"暂缺"
諏,0.33,0,3,0,0,0,"聚謀也。"
豳,0.33,0,3,0,0,0,"暂缺"
憔,0.33,0,3,0,0,0,"暂缺"
鯢,0.33,0,3,0,0,0,"剌魚也。"
遵,0.33,0,3,0,0,0,"循也。"
愚,0.33,0,3,0,0,0,"戇也。"
飫,0.33,0,3,0,0,0,"暂缺"
褽,0.33,0,3,0,0,0,"衽也。"
抒,0.33,0,3,0,0,0,"挹也。"
獒,0.33,0,3,0,0,0,"犬知人心可使者。"
軸,0.33,0,3,0,0,0,"所㠯持輪者也。"
鄇,0.33,0,3,0,0,0,"暂缺"
渢,0.33,0,3,0,0,0,"暂缺"
窗,0.33,0,3,0,0,0,"暂缺"
瘯,0.33,0,3,0,0,0,"暂缺"
椓,0.33,0,3,0,0,0,"擊也。"
踖,0.33,0,3,0,0,0,"長脛行也。"
閈,0.33,0,3,0,0,0,"閭也。"
跳,0.33,0,3,0,0,0,"蹷也。"
鄑,0.33,0,3,0,0,0,"宋魯閒地。"
纇,0.33,0,3,0,0,0,"絲節也。"
筵,0.33,0,3,0,0,0,"竹席也。"
瘍,0.33,0,3,0,0,0,"頭創也。"
纁,0.33,0,3,0,0,0,"淺絳也。"
崖,0.33,0,3,0,0,0,"高邊也。"
衵,0.33,0,3,0,0,0,"日日所常衣。"
霆,0.33,0,3,0,0,0,"靁餘聲鈴鈴。"
紵,0.33,0,3,0,0,0,"檾屬。"
濼,0.33,0,3,0,0,0,"齊魯閒水也。"
褅,0.33,0,3,0,0,0,"暂缺"
鞠,0.33,0,3,0,0,0,"蹋鞠也。"
枹,0.33,0,3,0,0,0,"擊𡔷柄也。"
辦,0.33,0,3,0,0,0,"暂缺"
矔,0.33,0,3,0,0,0,"目多精也。"
郪,0.33,0,3,0,0,0,"新郪、"
涌,0.33,0,3,0,0,0,"滕也。"
覜,0.33,0,3,0,0,0,"諸矦三年大相聘曰覜。"
紅,0.33,0,3,0,0,0,"帛赤白色也。"
杙,0.33,0,3,0,0,0,"劉劉、杙。"
扣,0.33,0,3,0,0,0,"牽馬也。"
韅,0.33,0,3,0,0,0,"暂缺"
涿,0.33,0,3,0,0,0,"流下滴也。"
慕,0.33,0,3,0,0,0,"習也。"
頯,0.33,0,3,0,0,0,"權也。"
兒,0.33,0,3,0,0,0,"孺子也。"
塏,0.33,0,3,0,0,0,"高燥也。"
藟,0.33,0,3,0,0,0,"艸也。"
截,0.33,0,3,0,0,0,"暂缺"
釐,0.33,0,3,0,0,0,"家福也。"
郿,0.33,0,3,0,0,0,"右扶風縣。"
泜,0.33,0,3,0,0,0,"泜水。在常山。"
喙,0.33,0,3,0,0,0,"口也。"
麴,0.33,0,3,0,0,0,"暂缺"
鳶,0.33,0,3,0,0,0,"暂缺"
菲,0.33,0,3,0,0,0,"芴也。"
米,0.33,0,3,0,0,0,"粟實也。"
羭,0.33,0,3,0,0,0,"夏羊牝曰羭。"
櫓,0.33,0,3,0,0,0,"大盾也。"
簋,0.33,0,3,0,0,0,"黍稷方器也。"
揣,0.33,0,3,0,0,0,"量也。"
伸,0.33,0,3,0,0,0,"屈伸。"
綖,0.33,0,3,0,0,0,"暂缺"
屝,0.33,0,3,0,0,0,"𡳐屬。"
笄,0.33,0,3,0,0,0,"暂缺"
葦,0.33,0,3,0,0,0,"大葭也。"
嘖,0.33,0,3,0,0,0,"大呼也。"
甬,0.33,0,3,0,0,0,"艸木𠌶甬甬然也。"
竿,0.33,0,3,0,0,0,"竹梃也。"
筋,0.33,0,3,0,0,0,"肉之力也。"
沸,0.33,0,3,0,0,0,"畢沸、"
檜,0.33,0,3,0,0,0,"柏葉松身。"
燠,0.33,0,3,0,0,0,"𤍽在中也。"
洿,0.33,0,3,0,0,0,"濁水不流也。"
潔,0.33,0,3,0,0,0,"暂缺"
檡,0.33,0,3,0,0,0,"暂缺"
笫,0.33,0,3,0,0,0,"簀也。"
醯,0.33,0,3,0,0,0,"酸也。"
潢,0.33,0,3,0,0,0,"積水池也。"
涑,0.33,0,3,0,0,0,"𤃬也。"
榱,0.33,0,3,0,0,0,"椽也。"
掀,0.33,0,3,0,0,0,"舉出也。"
躓,0.33,0,3,0,0,0,"跲也。"
裯,0.33,0,3,0,0,0,"衣袂袛裯。"
瞢,0.33,0,3,0,0,0,"目不明也。"
滔,0.33,0,3,0,0,0,"水漫漫大皃。"
逝,0.33,0,3,0,0,0,"往也。"
漁,0.33,0,3,0,0,0,"暂缺"
娠,0.33,0,3,0,0,0,"女妊身動也。"
敲,0.33,0,3,0,0,0,"暂缺"
窴,0.33,0,3,0,0,0,"𡫳也。"
蕆,0.33,0,3,0,0,0,"暂缺"
總,0.33,0,3,0,0,0,"聚束也。"
鄤,0.33,0,3,0,0,0,"暂缺"
暫,0.33,0,3,0,0,0,"不久也。"
岳,0.33,0,3,0,0,0,"暂缺"
浚,0.33,0,3,0,0,0,"抒也。"
鸞,0.33,0,3,0,0,0,"赤神靈之精也。"
燿,0.33,0,3,0,0,0,"照也。从火。翟聲。"
蒿,0.33,0,3,0,0,0,"菣也。"
咫,0.33,0,3,0,0,0,"中婦人手長八寸謂之咫。"
繾,0.33,0,3,0,0,0,"暂缺"
擠,0.33,0,3,0,0,0,"排也。"
璽,0.33,0,3,0,0,0,"暂缺"
軥,0.33,0,3,0,0,0,"軶下曲者。"
鶩,0.33,0,3,0,0,0,"舒鳧也。"
琥,0.33,0,3,0,0,0,"發兵瑞玉。"
耍,0.33,0,3,0,0,0,"暂缺"
柞,0.33,0,3,0,0,0,"柞木也。"
姺,0.33,0,3,0,0,0,"殷諸侯爲亂。"
局,0.33,0,3,0,0,0,"促也。"
漳,0.33,0,3,0,0,0,"水名。从水。章聲。"
餫,0.33,0,3,0,0,0,"野饋曰餫。"
袖,0.33,0,3,0,0,0,"暂缺"
憤,0.33,0,3,0,0,0,"懣也。从心。賁聲。"
轑,0.33,0,3,0,0,0,"車葢弓也。"
幃,0.33,0,3,0,0,0,"囊也。"
菜,0.33,0,3,0,0,0,"艸之可食者。"
堤,0.33,0,3,0,0,0,"滯也。"
題,0.33,0,3,0,0,0,"頟也。"
暢,0.33,0,3,0,0,0,"暂缺"
繠,0.33,0,3,0,0,0,"𠂹也。"
胹,0.33,0,3,0,0,0,"爛也。"
拂,0.33,0,3,0,0,0,"過擊也。"
纊,0.33,0,3,0,0,0,"絮也。"
姆,0.33,0,3,0,0,0,"暂缺"
痤,0.33,0,3,0,0,0,"小腫也。"
迓,0.33,0,3,0,0,0,"暂缺"
苛,0.33,0,3,0,0,0,"小艸也。"
蚤,0.33,0,3,0,0,0,"暂缺"
髟,0.33,0,3,0,0,0,"長髮猋猋也。"
慰,0.33,0,3,0,0,0,"安也。"
郡,0.33,0,3,0,0,0,"周制。天子地方千里。分爲百縣。縣有四郡。"
浹,0.33,0,3,0,0,0,"暂缺"
奕,0.33,0,3,0,0,0,"大也。"
蟋,0.33,0,3,0,0,0,"暂缺"
靽,0.33,0,3,0,0,0,"暂缺"
癉,0.33,0,3,0,0,0,"勞病也。"
誕,0.33,0,3,0,0,0,"䛐誕也。"
鋌,0.33,0,3,0,0,0,"銅鐵樸也。"
焮,0.33,0,3,0,0,0,"暂缺"
圬,0.33,0,3,0,0,0,"暂缺"
瑱,0.33,0,3,0,0,0,"㠯玉充耳也。"
柱,0.33,0,3,0,0,0,"楹也。"
嗾,0.33,0,3,0,0,0,"使犬聲。"
邥,0.33,0,3,0,0,0,"暂缺"
奊,0.33,0,3,0,0,0,"頭衺骫奊態也。"
鬚,0.33,0,3,0,0,0,"暂缺"
墜,0.33,0,3,0,0,0,"暂缺"
縞,0.33,0,3,0,0,0,"鮮𠨗也。"
襦,0.33,0,3,0,0,0,"短衣也。"
懟,0.33,0,3,0,0,0,"怨也。"
焜,0.33,0,3,0,0,0,"煌也。"
瓚,0.33,0,3,0,0,0,"三玉二石也。从王。贊聲。"
摟,0.33,0,3,0,0,0,"曳聚也。"
駹,0.33,0,3,0,0,0,"馬面顙皆白也。"
染,0.33,0,3,0,0,0,"㠯繪染爲色。"
漸,0.33,0,3,0,0,0,"漸水。出丹陽黟蠻中。東入海。"
藜,0.33,0,3,0,0,0,"艸也。"
妘,0.33,0,3,0,0,0,"祝融之後姓也。"
蔉,0.33,0,3,0,0,0,"暂缺"
躗,0.33,0,3,0,0,0,"暂缺"
沛,0.33,0,3,0,0,0,"沛水。出遼東番汗塞外。西南入海。"
庳,0.33,0,3,0,0,0,"中伏舍。"
綸,0.33,0,3,0,0,0,"糾靑絲綬也。"
奧,0.33,0,3,0,0,0,"宛也。"
樁,0.33,0,3,0,0,0,"暂缺"
%,0.33,0,3,0,0,0,"暂缺"
鼆,0.33,0,3,0,0,0,"冥也。从冥。黽聲。讀若黽蛙之黽。"
泆,0.33,0,3,0,0,0,"水所蕩泆也。"
柝,0.33,0,3,0,0,0,"判也。"
颺,0.33,0,3,0,0,0,"風所飛揚也。"
皂,0.33,0,3,0,0,0,"暂缺"
淇,0.33,0,3,0,0,0,"淇水。出河內共北山。東入河。"
懈,0.33,0,3,0,0,0,"怠也。"
黼,0.33,0,3,0,0,0,"白與黑相次文。"
版,0.33,0,3,0,0,0,"片也。"
徯,0.33,0,3,0,0,0,"待也。"
佾,0.33,0,3,0,0,0,"暂缺"
蛾,0.33,0,3,0,0,0,"羅也。"
爪,0.33,0,3,0,0,0,"𠃨也。"
批,0.33,0,3,0,0,0,"暂缺"
鑠,0.33,0,3,0,0,0,"銷金也。从金。樂聲。"
綆,0.33,0,3,0,0,0,"汲井䌄也。"
萩,0.33,0,3,0,0,0,"蕭也。从艸。秌聲。"
僮,0.33,0,3,0,0,0,"未冠也。"
庖,0.33,0,3,0,0,0,"廚也。"
趡,0.33,0,3,0,0,0,"動也。"
筥,0.33,0,3,0,0,0,"䈰也。"
姣,0.33,0,3,0,0,0,"好也。"
綦,0.33,0,3,0,0,0,"暂缺"
第,0.33,0,3,0,0,0,"次也。从竹弟。"
豸,0.33,0,3,0,0,0,"獸長𦟝行豸豸然。欲有所司殺形。"
臀,0.33,0,3,0,0,0,"暂缺"
諛,0.33,0,3,0,0,0,"讇也。"
蟀,0.33,0,3,0,0,0,"暂缺"
愒,0.33,0,3,0,0,0,"息也。"
繭,0.33,0,3,0,0,0,"蠶衣也。"
傴,0.33,0,3,0,0,0,"僂也。"
琣,0.33,0,3,0,0,0,"暂缺"
缶,0.33,0,3,0,0,0,"瓦器所㠯盛酒𤖅。"
便,0.33,0,3,0,0,0,"安也。"
几,0.33,0,3,0,0,0,"凥几也。"
黰,0.33,0,3,0,0,0,"暂缺"
鋪,0.33,0,3,0,0,0,"箸門抪首也。"
部,0.33,0,3,0,0,0,"天水狄部。"
牒,0.33,0,3,0,0,0,"札也。"
寔,0.33,0,3,0,0,0,"正也。"
瘼,0.33,0,3,0,0,0,"病也。"
腫,0.33,0,3,0,0,0,"癰也。"
瘥,0.33,0,3,0,0,0,"瘉也。"
瑾,0.33,0,3,0,0,0,"瑾瑜、"
蒸,0.33,0,3,0,0,0,"析麻中榦也。"
墠,0.33,0,3,0,0,0,"野土也。"
盱,0.33,0,3,0,0,0,"張目也。"
拾,0.33,0,3,0,0,0,"掇也。"
遼,0.33,0,3,0,0,0,"遠也。"
窋,0.33,0,3,0,0,0,"物在穴中皃。"
艸,0.33,0,3,0,0,0,"百芔也。"
炮,0.33,0,3,0,0,0,"毛炙肉也。"
沍,0.33,0,3,0,0,0,"暂缺"
脈,0.33,0,3,0,0,0,"暂缺"
樗,0.33,0,3,0,0,0,"樗木也。"
躁,0.33,0,3,0,0,0,"暂缺"
杵,0.33,0,3,0,0,0,"舂杵也。"
殊,0.33,0,3,0,0,0,"死也。"
洽,0.33,0,3,0,0,0,"霑也。"
貶,0.33,0,3,0,0,0,"損也。从貝。"
耋,0.33,0,3,0,0,0,"暂缺"
錐,0.33,0,3,0,0,0,"銳也。"
翣,0.33,0,3,0,0,0,"棺羽飾也。"
眢,0.33,0,3,0,0,0,"目無朙也。"
絺,0.33,0,3,0,0,0,"細葛也。"
澠,0.33,0,3,0,0,0,"暂缺"
濩,0.33,0,3,0,0,0,"雨流𩅸下皃。"
韙,0.33,0,3,0,0,0,"是也。"
論,0.33,0,3,0,0,0,"議也。"
泮,0.33,0,3,0,0,0,"諸矦饗射之宫。"
波,0.33,0,3,0,0,0,"水涌流也。"
萴,0.33,0,3,0,0,0,"烏喙也。"
楓,0.33,0,3,0,0,0,"楓木也。厚葉弱枝。善榣。一名𣠞𣠞。"
榦,0.33,0,3,0,0,0,"築牆耑木也。"
脰,0.33,0,3,0,0,0,"項也。"
葑,0.33,0,3,0,0,0,"須從也。"
瓶,0.33,0,3,0,0,0,"暂缺"
銔,0.33,0,3,0,0,0,"暂缺"
橁,0.33,0,3,0,0,0,"杶也。"
茢,0.33,0,3,0,0,0,"芀也。"
拏,0.33,0,3,0,0,0,"持也。从手。奴聲。"
玤,0.33,0,3,0,0,0,"石之次玉者。㠯爲系璧。"
叫,0.33,0,3,0,0,0,"嘑也。从口。丩聲。"
挐,0.33,0,3,0,0,0,"牽引也。从手。如聲。"
哿,0.33,0,3,0,0,0,"可也。"
湮,0.33,0,3,0,0,0,"𣳚也。"
#,0.33,0,3,0,0,0,"暂缺"
榛,0.33,0,3,0,0,0,"榛木也。"
紝,0.33,0,3,0,0,0,"機縷也。"
紫,0.33,0,3,0,0,0,"帛靑赤色也。"
唾,0.33,0,3,0,0,0,"口液也。"
爛,0.33,0,3,0,0,0,"暂缺"
簉,0.33,0,3,0,0,0,"暂缺"
蠡,0.33,0,3,0,0,0,"蟲齧木中也。"
剸,0.33,0,3,0,0,0,"暂缺"
酈,0.33,0,3,0,0,0,"南陽縣。"
胠,0.33,0,3,0,0,0,"亦下也。"
頤,0.33,0,3,0,0,0,"暂缺"
猈,0.33,0,3,0,0,0,"短脛犬。"
鴒,0.33,0,3,0,0,0,"暂缺"
窀,0.33,0,3,0,0,0,"窀穸、"
蛤,0.33,0,3,0,0,0,"暂缺"
婺,0.33,0,3,0,0,0,"不䌛也。"
攘,0.33,0,3,0,0,0,"推也。"
邵,0.33,0,3,0,0,0,"晉邑也。"
漚,0.33,0,3,0,0,0,"久漬也。"
峻,0.33,0,3,0,0,0,"暂缺"
芋,0.33,0,3,0,0,0,"大葉實根駭人。故謂之芌也。"
軨,0.33,0,3,0,0,0,"車轖閒橫木。"
磨,0.33,0,3,0,0,0,"暂缺"
卣,0.33,0,3,0,0,0,"暂缺"
穮,0.33,0,3,0,0,0,"槈鉏田也。"
氂,0.33,0,3,0,0,0,"犛牛尾也。"
翔,0.33,0,3,0,0,0,"回飛也。"
炊,0.33,0,3,0,0,0,"爨也。"
秀,0.33,0,3,0,0,0,"暂缺"
蹈,0.33,0,3,0,0,0,"踐也。"
滸,0.33,0,3,0,0,0,"暂缺"
衁,0.33,0,3,0,0,0,"血也。"
矇,0.33,0,3,0,0,0,"童蒙也。"
獮,0.33,0,3,0,0,0,"暂缺"
毌,0.33,0,3,0,0,0,"穿物持之也。从一橫𫩏。"
朐,0.33,0,3,0,0,0,"暂缺"
恭,0.33,0,3,0,0,0,"肅也。"
蕉,0.33,0,3,0,0,0,"生枲也。"
霤,0.33,0,3,0,0,0,"暂缺"
敳,0.33,0,3,0,0,0,"有所治也。"
蛙,0.33,0,3,0,0,0,"暂缺"
響,0.33,0,3,0,0,0,"聲也。"
孕,0.33,0,3,0,0,0,"褢子也。从子。乃聲。"
闢,0.33,0,3,0,0,0,"開也。"
畔,0.33,0,3,0,0,0,"田界也。"
咋,0.33,0,3,0,0,0,"暂缺"
匜,0.33,0,3,0,0,0,"佀羹魁。"
緇,0.33,0,3,0,0,0,"帛黑色也。"
酸,0.33,0,3,0,0,0,"酢也。"
衎,0.33,0,3,0,0,0,"行喜皃。"
覘,0.33,0,3,0,0,0,"闚視也。"
徂,0.33,0,3,0,0,0,"暂缺"
擁,0.33,0,3,0,0,0,"暂缺"
疥,0.33,0,3,0,0,0,"搔也。"
瞍,0.33,0,3,0,0,0,"暂缺"
綣,0.33,0,3,0,0,0,"暂缺"
厤,0.33,0,3,0,0,0,"治也。"
麀,0.33,0,3,0,0,0,"牝鹿也。"
熾,0.33,0,3,0,0,0,"盛也。从火。戠聲。"
蠅,0.33,0,3,0,0,0,"營營靑蠅。"
鸛,0.33,0,3,0,0,0,"暂缺"
採,0.33,0,3,0,0,0,"暂缺"
髦,0.33,0,3,0,0,0,"髦髮也。"
蝝,0.33,0,3,0,0,0,"復陶也。"
陲,0.33,0,3,0,0,0,"危也。"
到,0.33,0,3,0,0,0,"至也。"
睨,0.33,0,3,0,0,0,"衺視也。"
湎,0.33,0,3,0,0,0,"湛於酒也。"
曆,0.33,0,3,0,0,0,"暂缺"
澹,0.33,0,3,0,0,0,"澹澹水繇皃也。"
齹,0.33,0,3,0,0,0,"暂缺"
匕,0.33,0,3,0,0,0,"相與比敘也。"
掎,0.33,0,3,0,0,0,"偏引也。"
汎,0.33,0,3,0,0,0,"浮皃。"
鳲,0.33,0,3,0,0,0,"暂缺"
垢,0.33,0,3,0,0,0,"濁也。"
町,0.33,0,3,0,0,0,"田踐處曰町。"
紡,0.33,0,3,0,0,0,"紡絲也。"
刲,0.33,0,3,0,0,0,"刺也。"
雃,0.33,0,3,0,0,0,"石鳥。一名雝渠。一曰精列。"
芾,0.33,0,3,0,0,0,"暂缺"
璠,0.33,0,3,0,0,0,"璠與、"
擔,0.33,0,3,0,0,0,"暂缺"
徑,0.33,0,3,0,0,0,"步道也。"
述,0.33,0,3,0,0,0,"循也。"
渻,0.33,0,3,0,0,0,"少減也。"
溪,0.33,0,3,0,0,0,"暂缺"
糗,0.33,0,3,0,0,0,"𤎅米麥也。"
袲,0.33,0,3,0,0,0,"暂缺"
貜,0.33,0,3,0,0,0,"㺉貜也。"
技,0.33,0,3,0,0,0,"巧也。"
覬,0.33,0,3,0,0,0,"𣢆𡴘也。"
幘,0.33,0,3,0,0,0,"髮有巾曰幘。"
忒,0.33,0,3,0,0,0,"㪅也。从心。弋聲。"
洒,0.33,0,3,0,0,0,"滌也。"
霣,0.33,0,3,0,0,0,"齊人謂靁爲霣。"
稿,0.33,0,3,0,0,0,"暂缺"
鞬,0.33,0,3,0,0,0,"所㠯戢弓矢。"
轏,0.33,0,3,0,0,0,"暂缺"
樸,0.33,0,3,0,0,0,"木素也。"
撊,0.33,0,3,0,0,0,"暂缺"
鑋,0.33,0,3,0,0,0,"金聲也。从金。輕聲。"
掬,0.33,0,3,0,0,0,"暂缺"
饁,0.33,0,3,0,0,0,"餉田也。"
雂,0.33,0,3,0,0,0,"雂鳥也。"
騮,0.33,0,3,0,0,0,"暂缺"
墉,0.33,0,3,0,0,0,"城垣也。"
慘,0.33,0,3,0,0,0,"毒也。"
藿,0.33,0,3,0,0,0,"暂缺"
戭,0.33,0,3,0,0,0,"長槍也。"
翠,0.33,0,3,0,0,0,"靑羽雀也。"
牷,0.33,0,3,0,0,0,"牛純色。"
璵,0.33,0,3,0,0,0,"暂缺"
縳,0.33,0,3,0,0,0,"白鮮𠨗也。"
珽,0.33,0,3,0,0,0,"大圭。長三尺。抒上。終葵首。"
盪,0.33,0,3,0,0,0,"滌器也。"
蹲,0.33,0,3,0,0,0,"居也。"
睅,0.33,0,3,0,0,0,"大目也。"
撞,0.33,0,3,0,0,0,"卂擣也。"
控,0.33,0,3,0,0,0,"引也。"
疫,0.33,0,3,0,0,0,"民皆疾也。"
騂,0.33,0,3,0,0,0,"暂缺"
柲,0.33,0,3,0,0,0,"欑也。"
愍,0.33,0,3,0,0,0,"痛也。"
疽,0.33,0,3,0,0,0,"久癰也。"
瞀,0.33,0,3,0,0,0,"氐目謹視也。"
妒,0.33,0,3,0,0,0,"暂缺"
鼬,0.33,0,3,0,0,0,"如鼠。"
贖,0.33,0,3,0,0,0,"貿也。"
汔,0.33,0,3,0,0,0,"暂缺"
鑿,0.33,0,3,0,0,0,"所㠯穿木也。"
悴,0.33,0,3,0,0,0,"𢝊也。"
默,0.33,0,3,0,0,0,"犬暫逐人也。"
旝,0.33,0,3,0,0,0,"旌旗也。"
喉,0.33,0,3,0,0,0,"暂缺"
膇,0.33,0,3,0,0,0,"暂缺"
叢,0.33,0,3,0,0,0,"聚也。"
朾,0.33,0,3,0,0,0,"撞也。"
皤,0.33,0,3,0,0,0,"老人白也。"
嘻,0.33,0,3,0,0,0,"暂缺"
孑,0.33,0,3,0,0,0,"無又臂也。"
瑜,0.33,0,3,0,0,0,"瑾瑜也。"
濘,0.33,0,3,0,0,0,"滎濘也。从水。寧聲。"
渥,0.33,0,3,0,0,0,"霑也。"
栫,0.33,0,3,0,0,0,"㠯柴木雝也。"
鄻,0.33,0,3,0,0,0,"周邑也。"
撓,0.33,0,3,0,0,0,"𢺕也。"
幬,0.33,0,3,0,0,0,"襌帳也。"
挈,0.33,0,3,0,0,0,"縣持也。"
洎,0.33,0,3,0,0,0,"灌釡也。"
塓,0.33,0,3,0,0,0,"暂缺"
電,0.33,0,3,0,0,0,"𩃬昜激燿也。"
庈,0.33,0,3,0,0,0,"暂缺"
訥,0.33,0,3,0,0,0,"言難也。"
裸,0.33,0,3,0,0,0,"暂缺"
淄,0.33,0,3,0,0,0,"暂缺"
隄,0.33,0,3,0,0,0,"唐也。"
療,0.33,0,3,0,0,0,"暂缺"
慁,0.33,0,3,0,0,0,"𢝊也。"
茄,0.33,0,3,0,0,0,"扶渠莖。"
鬒,0.33,0,3,0,0,0,"暂缺"
嬋,0.33,0,3,0,0,0,"暂缺"
稈,0.33,0,3,0,0,0,"禾莖也。"
夬,0.33,0,3,0,0,0,"分決也。"
捕,0.33,0,3,0,0,0,"取也。"
粱,0.33,0,3,0,0,0,"禾米也。"
燀,0.33,0,3,0,0,0,"炊也。从火。單聲。"
膊,0.33,0,3,0,0,0,"薄脯、脯之屋上。"
憑,0.33,0,3,0,0,0,"暂缺"
躍,0.33,0,3,0,0,0,"迅也。"
鷁,0.33,0,3,0,0,0,"暂缺"
倡,0.33,0,3,0,0,0,"樂也。"
郥,0.33,0,3,0,0,0,"暂缺"
腦,0.33,0,3,0,0,0,"暂缺"
曷,0.33,0,3,0,0,0,"何也。"
羆,0.33,0,3,0,0,0,"如熊。黃白文。"
蕞,0.33,0,3,0,0,0,"暂缺"
鼻,0.33,0,3,0,0,0,"所㠯引气自畀也。"
鈴,0.33,0,3,0,0,0,"令丁也。"
疲,0.33,0,3,0,0,0,"勞也。"
剖,0.33,0,3,0,0,0,"判也。"
穸,0.33,0,3,0,0,0,"窀穸也。从穴。夕聲。"
摠,0.33,0,3,0,0,0,"暂缺"
罵,0.33,0,3,0,0,0,"詈也。从网。馬聲。"
捉,0.33,0,3,0,0,0,"搤也。从手。足聲。"
濰,0.33,0,3,0,0,0,"濰水。出琅邪箕屋山。東入海。"
縵,0.33,0,3,0,0,0,"繒無文也。"
蜮,0.33,0,3,0,0,0,"短弧也。"
愿,0.33,0,3,0,0,0,"謹也。"
倨,0.33,0,3,0,0,0,"不遜也。"
絀,0.33,0,3,0,0,0,"絳也。"
遐,0.33,0,3,0,0,0,"暂缺"
俛,0.33,0,3,0,0,0,"暂缺"
鎛,0.33,0,3,0,0,0,"鎛鱗也。"
罋,0.33,0,3,0,0,0,"暂缺"
觩,0.33,0,3,0,0,0,"暂缺"
窒,0.33,0,3,0,0,0,"𡫳也。"
饉,0.33,0,3,0,0,0,"蔬不孰爲饉。"
窌,0.33,0,3,0,0,0,"暂缺"
橈,0.33,0,3,0,0,0,"曲木也。"
繡,0.33,0,3,0,0,0,"五采備也。"
巽,0.33,0,3,0,0,0,"暂缺"
鮫,0.33,0,3,0,0,0,"海魚也。皮可飾刀。"
鯨,0.33,0,3,0,0,0,"暂缺"
泂,0.33,0,3,0,0,0,"滄也。"
紘,0.33,0,3,0,0,0,"冠卷維也。"
捥,0.33,0,3,0,0,0,"暂缺"
紐,0.33,0,3,0,0,0,"系也。"
絿,0.33,0,3,0,0,0,"急也。"
嗟,0.33,0,3,0,0,0,"暂缺"
犴,0.33,0,3,0,0,0,"暂缺"
苕,0.33,0,3,0,0,0,"艸也。"
窟,0.33,0,3,0,0,0,"暂缺"
溢,0.33,0,3,0,0,0,"器滿也。"
卵,0.33,0,3,0,0,0,"凡物無乳者卵生。"
矞,0.33,0,3,0,0,0,"㠯錐有所穿也。从矛㕯"
薇,0.33,0,3,0,0,0,"菜也。"
菽,0.33,0,3,0,0,0,"暂缺"
疵,0.33,0,3,0,0,0,"病也。"
諗,0.33,0,3,0,0,0,"深諫也。"
禖,0.33,0,3,0,0,0,"祭也。"
綠,0.33,0,3,0,0,0,"帛靑黃色也。"
嗥,0.33,0,3,0,0,0,"咆也。"
璋,0.33,0,3,0,0,0,"剡上爲圭。"
園,0.33,0,3,0,0,0,"所㠯樹果也。"
丸,0.33,0,3,0,0,0,"圜也。"
澮,0.33,0,3,0,0,0,"澮水。出河東彘靃山。西南入汾。"
蹕,0.33,0,3,0,0,0,"暂缺"
腶,0.33,0,3,0,0,0,"暂缺"
編,0.33,0,3,0,0,0,"次𥳑也。"
瀋,0.33,0,3,0,0,0,"汁也。"
隈,0.33,0,3,0,0,0,"水曲也。"
飂,0.33,0,3,0,0,0,"高風也。"
詔,0.33,0,3,0,0,0,"暂缺"
罍,0.33,0,3,0,0,0,"暂缺"
竀,0.33,0,3,0,0,0,"正視也。从穴中正見。正亦聲。"
蔭,0.33,0,3,0,0,0,"艸陰地。"
茇,0.33,0,3,0,0,0,"艸根也。从艸。犮聲。"
﻿,0.33,0,3,0,0,0,"暂缺"
寄,0.33,0,3,0,0,0,"託也。"
楄,0.33,0,3,0,0,0,"楄部、"
睔,0.33,0,3,0,0,0,"目大也。从目。侖聲。"
誡,0.33,0,3,0,0,0,"敕也。"
婚,0.33,0,3,0,0,0,"婦家也。"
供,0.33,0,3,0,0,0,"設也。"
鷸,0.33,0,3,0,0,0,"知天將雨鳥也。"
頸,0.33,0,3,0,0,0,"頭莖也。从𩑋。巠聲。"
阬,0.33,0,3,0,0,0,"閬也。"
憲,0.33,0,3,0,0,0,"敏也。"
測,0.33,0,3,0,0,0,"深所至也。"
芥,0.33,0,3,0,0,0,"菜也。"
僅,0.33,0,3,0,0,0,"材能也。"
跨,0.33,0,3,0,0,0,"渡也。"
耨,0.33,0,3,0,0,0,"暂缺"
沽,0.33,0,3,0,0,0,"沽水出漁陽塞外。東入海。"
誠,0.33,0,3,0,0,0,"信也。从言。成聲。"
諧,0.33,0,3,0,0,0,"詥也。"
緊,0.33,0,3,0,0,0,"纏絲急也。"
捘,0.33,0,3,0,0,0,"推也。"
曜,0.33,0,3,0,0,0,"暂缺"
旁,0.33,0,3,0,0,0,"溥也。"
燄,0.33,0,3,0,0,0,"火行微燄燄也。"
輹,0.33,0,3,0,0,0,"車軸縛也。"
破,0.33,0,3,0,0,0,"石碎也。"
苴,0.33,0,3,0,0,0,"履中艸。"
巖,0.33,0,3,0,0,0,"厓也。"
怯,0.33,0,3,0,0,0,"暂缺"
澗,0.33,0,3,0,0,0,"暂缺"
甍,0.33,0,3,0,0,0,"屋棟也。"
鞞,0.33,0,3,0,0,0,"刀室也。"
塊,0.33,0,3,0,0,0,"暂缺"
笙,0.33,0,3,0,0,0,"十三簧。"
欬,0.33,0,3,0,0,0,"屰气也。"
衿,0.33,0,3,0,0,0,"暂缺"
祼,0.33,0,3,0,0,0,"灌祭也。"
瞿,0.33,0,3,0,0,0,"𤸰隼之視也。"
圄,0.33,0,3,0,0,0,"守之也。从囗。吾聲。"
